internship,company,location
Asset Management Portfolio Analytics Data Analyst Intern/Co-op,TD Bank,"Toronto, ON, Canada"
Software Engineering/Data Analytics Intern - Evernorth,Cigna Group,"St. Louis, MO"
Data Analyst Intern,The Federal Reserve System,"Kansas City, MO"
Data Engineer Internship,Cambia Health Solutions,"Portland, OR"
Product Data Management Intern,Otis,"Florence, SC"
Data Engineering Intern,Kalderos,"Boston, MA"
Graduate Carbon Analyst Intern,Sylvera,"London, UK"
IT â€“ Intern - MS365/Data Management,American Cancer Society,"<details><summary>**4 locations**</summary>Harrisburg, PA</br>Hartford, CT</br>NYC</br>Atlanta, GA</details>"
Internship - Data Engineer - Electronic Devices,Tesla,"Palo Alto, CA"
Data Science Intern - DI,Socure,Remote in USA
2025 Summer Internship - Quantitative Analyst,Capstone Investment Advisors,"Boston, MA"
Intern â€“ Federal Data Science,Hitachi Vantara,"Reston, VA"
Data Engineer Intern,Centerfield,LA
Data Journalist/Data Science Intern,Diligent Corporation,NYC
AI & Data Science Intern,Smith Micro Software,"Aliso Viejo, CA"
Data Engineer Intern,Primerica,"Duluth, GA"
Data Science Internship - Investment Services AI & Innovation,Point72,NYC
Co-op â€“ Data Analytics Supplier Quality Engineering,Insulet Corporation,"Acton, MA"
Data Scientist Intern - Traffic Infrastructure Global Engineering - BS/MS,ByteDance,"Seattle, WA"
Data Scientist Intern - Traffic Infrastructure Global Engineering - BS/MS,,"San Jose, CA"
Data Operations Intern,Viatris,"Welwyn Garden City, UK"
Data Intern,Definitive Healthcare,"Framingham, MA"
Data Science intern,ICF,"London, UK"
Data Analytics Intern,Artisan Partners,"Milwaukee, WI"
Data Intelligence Intern,Actian,Remote in USA
Data Science Analyst â€“ Intern,Tatari,NYC
Data Science Analyst â€“ Intern,,LA
Data Science Analyst â€“ Intern,,SF
Software Engineer Intern - Recommendation Infra - Data-Arch-Tiktok US - 2025 Summer - BS/MS,ByteDance,"San Jose, CA"
Software Engineer Intern - Recommendation Infra - Data-Arch-Tiktok US - 2025 Summer - BS/MS,ByteDance,"Seattle, WA"
Data Science Intern,,"San Ramon, CA"
Applied Scientist Intern - Computational Modeling & Optimization - System Technologies and Engineering - BS/MS,ByteDance,"San Jose, CA"
Data Engineering Intern,Carters,"Atlanta, GA"
Software Engineer â€“ QA Analyst Intern,Genuine Parts Company,"Birmingham, AL"
Portfolio Data Engineering Intern,Addepar,"Edinburgh, UK"
Data Scientist Co-Op,Werfen,"Bedford, MA"
Data Analytics Intern,,"Chicago, IL"
Data Engineer Internship - Long/Short Equities,Point72,"London, UK"
Data Engineering Intern,Trepp,"Dallas, TX"
Data Warehouse Intern,,United States
Data Marketing Engineer Intern,Gesture,NYC
Student / Internship Data Scientists,RELX,"London, UK"
Data Analytics Intern,Tencent,"Montreal, QC, Canada"
Accounts Payable Data Analyst Intern,Daimler Truck,"Portland, OR"
Identity and Access Management (IAM) Analyst Intern,The Clorox Company,"Durham, NC, US"
Supply Chain Data Analytics Intern,Magna,"Troy, MI"
Data Science Intern,Moloco,"London, UK"
Summer Intern-Data Analyst,HARMAN International,"Novi, MI"
"Intern, AI Research Scientist",Autodesk,"Toronto, ON, CA"
"Software Analyst Intern - C, C++, Python",Hitachi Rail,"Toronto, Canada"
Analytical Data Science â€“ CMC Intern,Legend Biotech,"Somerset County, NJ"
Data Science Intern,Weber Shandwick,"Washington, DC"
Data Science Intern,IPG DXTRA,"Washington, DC"
SAP iXp Intern - CX Data & AI Software Developer,SAP,"San Francisco, CA"
Summer Internship Program - Data & Analytics,,"Jacksonville, FL"
Data Science Intern - Summer 2025,Lenovo,"Morrisville, NC"
Data Science Co-Op,Live Ramp,SF
2025 University Recruiting - Data Science Intern,Merck,"Rahway, NJ"
Data Analyst Intern/Co-Op,AMD,"Austin, TX"
Data Science & Machine Learning Intern,Insitro,"San Bruno, CA"
Data Science Intern- Summer 2025,ABB,"Cary, NC"
"Software Engineering Intern, Data Fabric ðŸ›‚",GE Vernova,"Bothell, WA"
Engineering - Data Platform - Software Engineer,LighBox,"Irvine, CA"
"Summer Internship Program 2025 - Data Analyst, Data Science and Visualization Intern",ICE,"New York, NY"
Data Science - Analytics Intern,eBay,"New York, NY</br>Bellevue, WA</br>San Jose, CA"
2025 Intern - Emerging Technology Analyst,Adobe,"San Jose, CA"
Data and AI Intern ðŸ›‚,IBM,"New York, NY"
"Information Systems, IT, Cyber Engineer & Data Science - Summer 2025 Intern (US Person Required) ðŸ‡ºðŸ‡¸",Honeywell,United States
"Information Systems, IT, Cyber Engineer & Data Science - Summer 2025 Intern",,Remote
2025 Summer Intern - Product Development Data Sciences,Genentech,"South San Francisco, CA"
Software Engineer Intern (Database Engineering),Snowflake,"Bellevue, Washington"
2025 Summer Data Analyst/Information Systems Intern ðŸ›‚,Hitachi Energy,"Raleigh, NC"
Software/Data Engineering Internship,Harmonia,"McLean, VA"
Data Science Intern - Summer 2025,,"San Francisco, CA"
"Co-op, Delta Wellness - Data Science (Summer, 2025) ðŸ‡ºðŸ‡¸",Delta,"Atlanta, Georgia"
Vantage Data Centers Intern,Vantage Data Centers,"Ashburn, VA</br>Denver, CO"
"EDP Intern (Software, Data, Cloud Platform) ðŸ›‚",Travelers Insurance,"Hartford CT</br>St. Paul MN</br>Atlanta, GA"
2025 Summer Analyst Program,Goldman Sachs,"Dallas, TX</br>NYC, NY</br>Salt lake City, UT"
Software Engineer Intern (Data-TnS-Eng-Biz Arch),TikTok,"Vancouver, Canada"
Global Technology Analyst Intern,Bank of America,"<details><summary>**8 locations**</summary>Charlotte, NC</br>Chicago, IL</br>Dallas Metro, TX</br>Denver, CO</br>NY Metro</br>Pennington, NJ</br>Richmond, VA</br>Washington, DC</details>"
Technology Summer Analyst Program,Morgan Stanley,"New York, NY"
Intern â€“ Data Engineer,US Foods,"Norridge, IL"
Data Science Intern,CS Wholesale Grocers,"Edison, NJ"
Quant Analyst Internship,OptionMetrics,NYC
Data Science and Analytics Intern-Summer,Carrier Global,"East Syracuse, NY"
Advanced Surgery Marketing Data Analyst Intern,Baxter International,"Highland Park, IL"
Intern â€“ Data Analytics,International Flavors Fragrances,"Matawan, NJ"
Data Science Intern - Summer,BorgWarner,"Auburn Hills, MI"
Data Analyst Intern - Bank Analytics,USAA,"Plano, TX"
Data Analyst Intern,Skechers,"El Segundo, CA"
2025 Intern â€“ Supply Chain Data Analytics Intern,RTX,"Andover, MA"
Data Analytics Intern,Assurant,"Lewisville, TX"
Data Engineering Intern,Auctane,"Austin, TX"
Data Science Intern,MoneyLion,NYC
Data Intern,GP Fund Solutions,"Latham, NY"
Data Science Intern - Fpf,Socure,Remote in USA
Data Science Intern,Boom Supersonic,"Centennial, CO"
Data Science Intern,Pitney Bowes,"Shelton, CT"
Data Services Intern,Jackson Lewis,"Jacksonville, FL"
Intern â€“ Federal Data Science,Hitachi Vantara,"Reston, VA"
HR Data and Analytics Summer Intern,GCM Grosvenor,"Chicago, IL</br>NYC"
Intern â€“ BI Analyst,American Cancer Society,"Atlanta, GA"
Intern â€“ Data Engineering,,"Boston, MA</br>Philadelphia, PA</br>Hartford, CT"
Data & AI/ML Intern,Seurat Technologies,"Burlington, MA"
2025 Summer Internship Program - Data & Analytics,TD Bank,"Greenville, SC</br>Mt Laurel Township, NJ</br>Portland, ME"
Data Science â€“ Intern,Tatari,SF</br>LA</br>NYC
Big Data Summer Intern,Henry Schein,NYC
Data Analytics Internship,Elevance Health,"Chicago, IL"
Comcast Product Analyst Intern,Comcast,"Philadelphia, PA"
Quantitative Analyst â€“ Co-op/Internship - Data Science,Bank of Montreal,"Toronto, ON, Canada"
Data Science Intern,7-Eleven,"Irving, TX"
Sales Data Analyst Intern,,"Tucson, AZ"
Data Analyst Summer 2025 Internship,Jones Lang LaSalle JLL,"<details><summary>**5 locations**</summary>Cambridge, MA</br>Houston, TX</br>Chicago, IL</br>NYC</br>Atlanta, GA</details>"
Data Systems Internship - Market Risk & Analytics,Intersect Power,Remote in USA</br>Remote in Canada
Data Engineering Intern,FNB Corporation,"Hermitage, PA"
Data and Analysis Intern - Ilottery,Aristocrat Leisure,"Concord, NH"
Data Science MS Intern,Alo Yoga,"Culver City, CA"
Data Science Intern,Breeze Airways,"Cottonwood Heights, UT"
Data Engineering Co-Op,skillz,"Las Vegas, NV"
Internship Program - Operations - Data Science,Johnson Matthey,"Berwyn, PA"
2025 Summer Intern - Data Scientist,Applied Materials,"Santa Clara, CA"
Data Engineering Intern,Age of Learning,"Glendale, CA"
Data Science & Analytics Intern,,"Glendale, CA"
Intern â€“ Data Analysis,Spencer Stuart,"Philadelphia, PA"
2025 Data Management Analyst Intern,Northrop Grumman,"Huntsville, AL"
Data Science Intern,Intuitive Surgical,"Sunnyvale, CA"
Business Process & Data Analysis Intern,Eversource Energy,"Hartford, CT"
Data Scientist Intern,Tanium,"Durham, NC"
2025 Guardian Summer Intern - Data Science,Guardian Life,NYC
Data Engineering Coop,Cirkul,"Belmont, MA"
Tapeout Engineering Biz Apps & Data Intern,GlobalFoundries,"Austin, TX"
Data Science Intern,Yodlee,"Raleigh, NC"
Data Science Intern,,"Raleigh, NC"
Business Systems Analyst Co-op,Sarepta,Remote in USA
Data Analyst Intern,Guidewire,"Philadelphia, PA"
Data Analytics Intern,Chime,SF
Data Analyst Intern,Atlas Energy Solutions,"Austin, TX"
Data Analytics Intern,,"Moonachie, NJ"
Database Engineering Intern,Skechers,"El Segundo, CA"
Data Science Intern,Block,"Toronto, ON, Canada"
Data Science Intern,Koppers,"Pittsburgh, PA"
Indigenous Data Analytics Intern,Jones Lang LaSalle JLL,"Toronto, ON, Canada"
Data Science Intern,Block,"Oakland, CA"
Intern â€“ Data Science,BigHat Biosciences,"San Mateo, CA"
Innovation and Data Insights â€“ Summer Internship,Barings,"London, UK"
Summer Internship Program: Digital Analyst Intern,Takeda,"Thousand Oaks, CA"
Data Science Product Manager Intern,Red Ventures,"Fort Mill, SC</br>Charlotte, NC"
Geospatial Data Analyst Internship,Pano AI,SF
Product Analyst - AI / Machine Learning Intern,Mr Cooper,"Dallas, TX"
Data Engineering Excellence Intern,Global Payments,"Charlotte, NC"
Data Analytics Intern,Extra Space Storage,"Salt Lake City, UT"
Data Analytics MS Intern,Alo Yoga,"Culver City, CA"
BTS Innovation Analyst Intern,The Federal Reserve System,"Atlanta, GA"
Intern â€“ Data Telemetry Developer,Epicor,"Austin, TX"
Data Analyst Intern,Decisions,"Virginia Beach, VA"
Monitor Data Analyst Intern,Ciena,"Ottawa, ON, Canada"
Marketing and Data Analytics Intern - Global Corporate Specialty,Aviva,"Toronto, ON, Canada"
Data Science Internship,PrizePicks,Remote in USA
GBS Data Science Intern,United Parcel Service UPS,United States
Data & Analytics Summer Intern,,"Dallas, TX"
Experience Survey Data Analytics Intern,Hewlett Packard HP,"Houston, TX"
AI/ML Data Scientist Intern,DwyerOmega,"Valparaiso, IN"
Enterprise Data & Analytics â€“ Undergrad Intern,,"Baltimore, MD"
Utility Analyst Intern,Bernhard,"Little Rock, AR"
Health Education Data Paid Intern,Weld County,"Greeley, CO"
Intern - Data Engineer,Salesforce,"Seattle, WA</br>SF"
Data Analytics RMS Co-op,RTX,"Indian Trail, NC"
Customer Strategy & Analytics Analyst â€“ Co-op/Internship,Bank of Montreal,"Toronto, ON, Canada"
Data Analyst Intern,Veolia,"Paramus, NJ"
Summer Intern-Data and Analytics,MRC Global,"Houston, TX"
Memory Business Unit Analyst Intern,Kioxia,"Irvine, CA"
Operations Data Analyst Intern,,"San Jose, CA"
Summer Internship - Paint Shop Data Analyst,Airbus,"Mobile, AL"
Summer Internship - ADU Shop Data Analyst,,"Mobile, AL"
Data Engineer Internship,Procter Gamble PG,"Madrid, Spain"
Internship in Data Analysis and Dashboard Development,Hewlett Packard HP,"Sant Cugat del VallÃ¨s, Barcelona, Spain"
Data Analysis Intern - Sales,,"Houston, TX"
Intern â€“ Software Engineer - Backend - Data Platform,Autodesk,"Dublin, Ireland"
Investment Analyst Intern,,"Detroit, MI"
Investment Analyst Intern,,"Nashville, TN"
Investment Analyst Intern,,SF
Investment Analyst Intern,,"Minneapolis, MN"
Investment Analyst Intern,,"Philadelphia, PA"
Investment Analyst Intern,,"Charlotte, NC"
Investment Analyst Intern,,"Milwaukee, WI"
Investment Analyst Intern,,"Washington, DC"
Investment Analyst Intern,,"Denver, CO"
Investment Analyst Intern,,"Dallas, TX"
Investment Analyst Intern,,LA
Data Analyst Intern,,"Charlotte, NC"
Data Analyst Intern,,"Atlanta, GA"
Data Analyst Intern,,"Minneapolis, MN"
Data Analyst Intern,,"Pittsburgh, PA"
Data Analyst Intern,,"Chicago, IL"
Data Analyst Intern,,"Washington, DC"
Data Analyst Intern,,"Sunnyvale, CA"
Data Analyst Intern,,"Houston, TX"
Internship - Aetna Tech - Data Scientist,,"Hartford, CT"
Data Analyst Intern,,"Denver, CO"
Database Engineering IT Summer Intern,,"Greensboro, NC"
Intern â€“ Data Engineering,NineDot Energy,"Brooklyn, NY"
Data Analytics Summer Internship,City of Charlotte,"Charlotte, NC"
2025 Data Science Internship - Safety Identity Science,Uber,SF
2025 Data Science Internship - Safety Identity Science,,SF
Product & Data Analytics Intern,Trepp,"Dallas, TX</br>NYC"
Data Science Grad Intern,The Walt Disney Company,"Santa Monica, CA</br>NYC"
Tdi Data â€“ Analytics and Insights Intern/Co-op,TD Bank,"Montreal, QC, Canada</br>Toronto, ON, Canada"
Research Networks Data Analyst Intern,RELX,Remote in USA
Presort Data Product Engineering Intern - Summer 2025,Pitney Bowes,"Shelton, CT"
Data Analytics Internal Audit Intern,Panasonic Avionics,"Newark, NJ"
Data Analyst Intern,Global Payments,"Alpharetta, GA"
Intern â€“ Technical Data Solutions,EVgo,LA
Data Scientist Health Intern,Elsevier,Remote in USA
Data Engineer Intern,Skechers,"El Segundo, CA"
Data Architect Intern,,"El Segundo, CA"
Data and AI Engineer,Sanofi,"Cambridge, MA"
GE Vernova Control Solutions & Services â€“ Product Management Lifecare Data Analytics Intern,GE Vernova,"Longmont, CO"
IT Data Analytics Intern,Atlas Van Lines,"Evansville, IN"
Data Science/Analytics Intern,,NYC
Data Science Intern - Theatrical Marketing,,"Culver City, CA"
Summer 2025 Intern - Data Science,Kodiak Robotics,"Mountain View, CA"
Intern Graduate - Data Science,Geisinger,Remote in USA
Intern Graduate - Data Science,,Remote in USA
Summer Intern - Master Data,Elf Beauty,"Oakland, CA"
Audience & Data Graduate Intern - Cnnic,Warner Bros,"London, UK"
Data Analyst Intern,,"Newark, NJ"
Data Science Intern,,"Irvine, CA"
Data Engineer Intern,,"Newark, NJ"
Business Data Analyst Intern,,"Newark, NJ"
Database Administrator Intern,Covenant Eyes,"East Lansing, MI"
Intern - Data Engineering,Western Digital,"San Jose, CA"
Data Analyst Intern - RP Sales,Standard Insurance,
Data Science/Analytics Intern,Spot Tango,NYC
Data Transformation Intern - Early Careers,,"Southfield, MI"
2025 Data â€“ Web Scraping Summer Internship,Point72,"Columbia City, IN"
Data Visualization Intern - Liveanalytics,Live Nation Entertainment,Remote in USA
Summer Internship - Project Data Analyst,Airbus,"Mobile, AL"
Intern â€“ Data Integration,TIFIN,"Charlotte, NC"
IT Database Administration Intern,SpartanNash,"Wyoming, MI"
Data Science Intern,,"Houston, TX"
2025 Data Analytics Co-op - Mission Assurance,Northrop Grumman,"El Segundo, CA"
Innotech Summer Undergraduate Internship 2025 - Aetna Tech - Data Scientist,,"Hartford, CT"
Data Analytics â€“ Service Operations Intern,,"San Jose, CA"
Quality Data Analysis Engineering Intern,,"San Jose, CA"
Quality Data Analysis Engineering Intern,,"San Jose, CA"
Intern - Process Data Scientist,Applied Materials,"Santa Clara, CA"
Center for Advanced AI â€“ Applied Research Scientist Graduate Intern,Accenture,"Mountain View, CA"
Data Engineer Intern,Mr Cooper,"Dallas, TX"
Data Engineer Intern,,"Dallas, TX"
CFO Intern - Data,USAA,"Charlotte, NC</br>San Antonio, TX"
Data Quality Research Analyst Intern,Precisely,Remote in USA
Product Data Scientist Intern,,Remote in USA
Data Operations & Business Intelligence Intern,,Remote in USA
Data Operations Intern,,Remote in USA
Data Science Graduate Intern: Neuroinclusive Interview Process,CVS Health,"Needham, MA</br>NYC"
Data Engineer Intern,Clorox,"Pleasanton, CA"
Data Engineer Internship,Xylem,"Mississauga, ON, Canada"
Data Science Intern,Trepp,NYC
Business Systems Analyst Intern/Co-op,TD Bank,"Toronto, ON, Canada"
Data Science Intern,,"Princeton, NJ</br>NYC"
Data Analytics Intern,,"Troy, MI"
Corporate Underwriting Data Analyst Intern,FM Global,"Providence, RI"
Data Management â€“ Summer Intern,CIBC,"Chicago, IL"
Vertex Summer 2025 Intern - Clinical Data Management & Metrics,Vertex Pharmaceuticals,"Boston, MA"
Data Science/Data Engineering Intern,Trimble,"Westminster, CO"
Intern â€“ Business/Data Analyst - Insurance Insights,Corelogic,"Dallas, TX"
Restaurant Data Analyst Intern,7-Eleven,"Irving, TX"
Signal Integrity and Data Analysis Engineer Intern,Lumentum,
Intern â€“ Data & Analytics Engineering,LiveRamp,Remote in USA
Summer Intern - Experiential R&D - Data Visualization,,"Novi, MI"
Student Internship - Gensler Research Institute - Data,Gensler,NYC
Machine Learning Scientist Intern,Cambia Health Solutions,Remote in USA
PLM Configuration Analyst Intern - Hsv MFG,Cadence Design Systems,"San Jose, CA"
Supply Chain Data Analytics Intern,Avnet,"Phoenix, AZ"
Data Editorial Intern - Yahoo Finance,Yahoo,United States
Data Engineer/Data Science Intern,,United States
Production Analyst Intern - Early Careers,SP Global,"Houston, TX"
2025 Data Engineering Summer Intern,,Remote in USA
Cloud Usage Data Analyst Intern,Nutanix,"San Jose, CA"
Data Engineering/Quality Intern,,"MontrÃ©al, QC, Canada"
Data Science and Machine Learning Engineer Intern - En science des donnÃ©es et en apprentissage automatique,,"MontrÃ©al, QC, Canada"
Data Analytics Summer 2025 Internship,Jones Lang LaSalle JLL,"Chicago, IL"
Reporting Analyst Intern,Ensono,Remote in USA
Internship - Accounting Data Analytics,Clayton,"Maryville, TN"
Data Science and Analytics Intern,Skechers,
Data Analytics Intern,Jet Support Services,"Chicago, IL"
Data Scientist Co-op,Wayfair,"Boston, MA"
Data Analyst â€“ Intern - Samsung Product Management - Services,,"Plano, TX"
Summer Intern - AI Analyst,,"Plano, TX"
Data Strategy Analytics Engineering Co-op - College Program 2025,,NYC
Data Strategy Software Engineering Co-op - College Program 2025,,NYC
Data Science Intern,Exact Sciences,"Madison, WI"
Business Intelligence Analyst Internship,Brooks Automation,"Lowell, MA"
Corporate Strategy Intern - Data Science,Applied Materials,"Santa Clara, CA"
Data Engineer Intern,Roku,"Cambridge, UK"
Data Analyst Intern,,"Oshkosh, WI"
Data Science Intern,Legend Biotech,"Bridgewater Township, NJ"
Data Privacy Intern,Hewlett Packard HP,"Vancouver, WA"
Data Center Infrastructure Intern,Ensono,Remote in USA
Capacity & Data Analytics Intern,,Remote in USA
Data Scientist Intern,Capital One,"Toronto, ON, Canada"
Reliability Data Intern,Zoox,"San Mateo, CA"
Data Scientist Intern,CompanyCam,"Lincoln, NE"
Promotions Analyst Intern,Samsung,"Plano, TX"
AI Analyst Intern,,"Plano, TX"
Data Analytics â€“ Intern - AI & Operations,,"Plano, TX"
2025 Data Analytics Intern,Northrop Grumman,"El Segundo, CA"
Data Science Summer Intern,Muon Space,Remote in USA
Data Product Engineer Intern,COTA,Remote in USA
Summer 2025 Knowledge Management Data Analyst Intern-Bachelor's,Applied Materials,"Santa Clara, CA"
Clinical Data Analyst Intern/Apprentice,Truveta,"Seattle, WA"
Data Engineering Intern,,"San Diego, CA"
Public Investments Quantitative Analyst Intern,Northwestern Mutual,"Milwaukee, WI"
Data Science Intern â€“ Graduate - Summer,Centene,Remote in USA
Tapeout Engineering Biz Apps & Data Intern,,"Austin, TX"
Land & Data Analyst Research Intern - Early Careers,SP Global,"Calgary, AB, Canada"
Summer Internship 2025 - Data Engineering,,"Mountain View, CA"
FP&a â€“ Data Analyst Intern,Hudl,"Lincoln, NE"
Co-op Data Scientist,Global Relay,"Vancouver, BC, Canada"
Intern I â€“ Manufacturing Data Management,Dexcom,"San Diego, CA"
Intern II â€“ Data Science,,Remote in USA
Intern I â€“ Data and Manufacturing Analytics,,Remote in USA
Intern II â€“ Data Science,,Remote in USA
Markets â€“ Summer Analyst - Sales and Trading,Citigroup,NYC
IT Business Data Analyst Intern,,"Phoenix, AZ"
2025 Intern Database Administration,Northrop Grumman,"Wright-Patterson AFB, OH"
Data Science Intern,BorgWarner,"Auburn Hills, MI"
Data Scientist Intern,American Century Investments,"Santa Clara, CA</br>Kansas City, MO</br>NYC"
Data Scientist â€“ Intern,Capital One,"Toronto, ON, Canada"
Data Scientist â€“ Intern,,"Toronto, ON, Canada"
Software Engineer/Data Scientist Intern,Parsons,"Annapolis Junction, MD"
Data Science Intern,ATPCO,Remote in USA
Stagiaire en science des donnÃ©es â€“ Data Scientist Intern,Mistplay,"Toronto, ON, Canada"
Data Engineering Summer 2025 Internship,Jones Lang LaSalle JLL,"Chicago, IL"
Data Engineer Summer Internship,,"Seattle, WA"
Business Systems Analyst Intern/Co-op,,"Toronto, ON, Canada"
Software Data Engineer Internship,,"Overland Park, KS"
Transmission Analyst Intern,New Leaf Energy,"Boston, MA</br>Lowell, MA"
Data Scientist Intern,Cardiosense,"Chicago, IL"
Data Science Intern,BorgWarner,"Auburn Hills, MI"
Data Scientist Intern,Booz Allen,"Rome, NY"
Data Analytics Undergraduate Intern,PNC Financial Services,"Pittsburgh, PA"
Business Intelligence Analyst and Developer Intern,Jabil,"St. Petersburg, FL"
Crypto Data Analyst Intern,Blockhouse,NYC
Data Analyst Intern â€“ Co-op/Internship - Business Banking,Bank of Montreal,"Toronto, ON, Canada"
TNT Sports BI Analyst Intern - Summer 2025,Warner Bros,"Atlanta, GA"
Intern â€“ Data Scientist - Borrow,SoFi,SF
Customer Data Management & Proposal Center Intern,Motorola,"Florida</br>Chicago, IL</br>Plantation, FL"
Intern - Data and Analytics Tableau Developer,,"Chicago, IL</br>Plantation, FL"
Senior Data Scientist Intern - Corporate Development - M&a,IBM,NYC
Intern â€“ Production Data Analytics,Harbinger Motors,"Westminster, CA"
Reporting and Data Infrastructure Intern,Chime,SF
Data Analyst Intern â€“ Co-op/Internship - Business Banking,Bank of Montreal,"Toronto, ON, Canada"
Data Analyst Intern â€“ Co-op/Internship - Business Banking,,"Toronto, ON, Canada"
Data Analyst Intern,Splunk,Remote in USA
Intern â€“ Data Analytics,Kargo,NYC
Data Analytics Intern,,"Orange, CA"
Data Scientist Intern,,"Orange, CA"
Data Analyst â€“ Co-op/Intern,Bank of Montreal,"Montreal, QC, Canada"
Summer 2025 Data Analyst Intern,Applied Materials,"Santa Clara, CA"
Data Science Intern,QuantCo,"Boston, MA</br>London, UK</br>SF"
Summer 2025 Intern - Data Integration Engineering,,"San Jose, CA"
Data Analyst Intern - Summer 2025,Warner Bros,"Atlanta, GA"
Data Engineer Intern/Co-op,TD Bank,"Toronto, ON, Canada"
Portfolio Analytics Data Analyst Intern / Co-Op,,"Oakland, CA"
Software & Database Development Intern,McKesson,"Mississauga, ON, Canada"
Business Systems Analyst Intern/Co-op,,"Toronto, ON, Canada"
Business Systems Analyst Intern/Co-op,,"Toronto, ON, Canada"
Business Systems Analyst Intern/Co-op,,"Toronto, ON, Canada"
Intern â€“ Data Science,Samsung,"San Jose, CA"
Finance Data Engineer Intern,Jabil,"St. Petersburg, FL"
Data Quality Intern,Castle Hill Gaming,"Charlottesville, VA"
Hulu Data Science Graduate Intern,The Walt Disney Company,"Santa Monica, CA"
Data Science Intern - Undergraduate - Summer,Centene,Remote in USA
Data Engineering Intern,,"San Jose, CA"
Supply Chain Data Scientist Intern,7-Eleven,"Irving, TX"
Business Systems Analyst Intern/Co-op,,"Toronto, ON, Canada"
Business Systems Analyst Intern/Co-op,,"Toronto, ON, Canada"
Summer Internship Program - AI - Data and Data Science,Synechron,"Charlotte, NC"
Sustainability Data Analytics Summer Intern,SP Global,"London, UK"
Product Safety â€“ Data Analyst Intern,Oshkosh,"Chambersburg, PA"
AI2 Finance Analytics and Data Science Intern/Co-op,TD Bank,"Toronto, ON, Canada"
Business Systems Analyst Intern/Co-op - Tds,,"Toronto, ON, Canada"
AI2 Analytics & Data Science Intern/Co-op,,"Toronto, ON, Canada"
TECE AI2 Analytics & Data Science Intern/Co-op,,"Toronto, ON, Canada"
Distribution & Geospatial Intelligence Analyst Intern/Co-op,,"Toronto, ON, Canada"
Wealth Analytics & Data Science Intern/Co-op,,"Toronto, ON, Canada"
Data Science & Advanced Analytics Intern/Co-op,,"Toronto, ON, Canada"
Data Science Intern / Co-Op - AI/Machine Learning Model Validation,,"Toronto, ON, Canada"
Data Analyst â€“ Conduct Risk Intern / Co-Op,,"Toronto, ON, Canada"
2025 Business Development/Data Analyst Intern,Northrop Grumman,"El Segundo, CA"
Data Engineering Intern-Summer 2025,Nissan,"Santa Clara, CA"
Data Engineering Intern - Administration,Netflix,"LA</br>Los Gatos, CA"
Data Analytics Intern,Leidos,"Huntsville, AL"
Data Engineering Summer 2025 Internship,,"Chicago, IL"
AI Engineering/Data Science Intern,BambooHR,Utah
Data Engineer Intern,,"Dallas, TX"
Reference Data Engineering Intern,Addepar,"Edinburgh, UK"
Data Platform Intern,,"Edinburgh, UK"
Thrive Apprentice - Software Engineering - Analyst Operations Support,Verizon Communications,"Berkeley Heights, NJ"
Thrive Apprentice - Data Analytics - AI Science,,"Irving, TX"
Thrive Apprentice - Software Engineering - Engineer Data Scientist,,"Irving, TX"
Thrive Apprentice - Data Analytics - Data Scientist,,"Houston, TX</br>Ashburn, VA"
Thrive Apprentice - Data Analytics - Business Intelligence,,"E Fowler Ave, Tampa, FL</br>Berkeley Heights, NJ"
Thrive Apprentice - Data Analytics - Data Engineering,,"<details><summary>**5 locations**</summary>E Fowler Ave, Tampa, FL</br>Berkeley Heights, NJ</br>Ashburn, VA</br>Alpharetta, GA</br>Irving, TX</details>"
Thrive Apprentice - Data Analytics - Data Scientist,,"Berkeley Heights, NJ</br>Alpharetta, GA"
Thrive Apprentice - Data Analytics - Data Scientist,,"Ashburn, VA"
Thrive Apprentice - Data Analytics - Data Scientist,,"<details><summary>**7 locations**</summary>Boston, MA</br>Lone Tree, CO</br>E Fowler Ave, Tampa, FL</br>Berkeley Heights, NJ</br>Ashburn, VA</br>Alpharetta, GA</br>Irving, TX</details>"
Thrive Apprentice - Data Analytics - Business Analyst,,"E Fowler Ave, Tampa, FL"
Thrive Apprentice - Data Analytics - Data Engineering,,"Ashburn, VA"
Thrive Apprentice - Data Analytics - Data Engineering,,"E Fowler Ave, Tampa, FL"
Thrive Apprentice - Data Analytics - Data Engineering,,"Irving, TX"
Software Engineer Intern - Data Services - Early Careers,SP Global,NYC
Data Science Internship,MSD,"Cambridge, MA</br>North Wales, PA"
Database Management Intern,,Remote in USA
Summer Internship - Alpha Data Services - Techops Analyst,State Street,"Boston, MA"
Data Engineering Summer 2025 Internship,,"Chicago, IL</br>Downers Grove, IL"
Data Science Co-Op - NLP & GenAI,Bose,"Framingham, MA"
Financial Data Science Intern,Northwestern Mutual,"Milwaukee, WI"
Data Engineering Intern,iCapital Network,NYC
Data Science Intern,First American,"Orange, CA"
Data and Analytics Intern,USAA,"San Antonio, TX"
Operations Data Analyst Intern,Jabil,"Tampa, FL</br>St. Petersburg, FL"
Data Analytics Intern,Xylem,"Irvine, CA"
Intern â€“ Machine Learning Research Scientist,Samsung,"San Jose, CA"
IT Software Development Intern - Data Science,Medline,"Northbrook, IL"
Data Science & Analytics Intern,Kalderos,"Boston, MA"
Data Engineering Intern,,"Boston, MA"
Data Science Intern,Intuitive Surgical,"Blacksburg, VA"
Data Engineering Intern,ibotta,"Denver, CO"
Data Quality Intern,GOBankingRates,Remote in USA
Data Scientist Intern,CACI,"Reston, VA"
Triage and Audit Research Analyst Intern,Zoox,"San Mateo, CA"
Intern â€“ Investment Analyst Program - Iap,Prologis,SF
Data Analytics Intern,Owens Minor,"Richmond, VA"
Business Intelligence Data Analyst Intern,Intuitive Surgical,"Remote in USA</br>Sunnyvale, CA"
Business Systems Analyst Intern,,"Sunnyvale, CA"
AI/ML Data Scientist Intern,,"Sunnyvale, CA"
Data Engineering Intern,,"Brookfield, IL"
Banking â€“ Summer Analyst - Strategic Advisory Solutions Group - Data Science - 2026,Citigroup,NYC
Data Engineer I Co-op,,"Bellevue, WA"
Data Engineer Intern - Undergraduate - Summer,Centene,Remote in USA
Intern â€“ Technical Data Analyst,Auto-Owners Insurance,"East Lansing, MI"
IT Data Intern,American Financial Group,"Cincinnati, OH"
Data Automation Engineer Intern - IT Services,,"Cincinnati, OH"
Data ITSM Analyst Intern - IT Services,,"Cincinnati, OH"
Data Warehouse Intern - IT Services,,"Cincinnati, OH"
Data Science Intern - IT Services,,"Cincinnati, OH"
Data Science Intern - IT Services,,"Cincinnati, OH"
Summer Intern - Data Engineering,,"Stamford, CT"
Data Science Intern-NLP - LLM and GenAI,SP Global,"Toronto, ON, Canada"
Software Engineer Co-op - Data Platform,Demandbase,Remote in USA
Data Science Intern,Cambridge Mobile Telematics,"Cambridge, MA"
Data Science Intern,,"Cambridge, MA"
Business/Product Data Analyst Intern,Trimble,"Westminster, CO"
Technical Portfolio Analyst â€“ Intern,ServiceNow,"Orlando, FL"
Data Analysis Summer 2025 Internship,Jones Lang LaSalle JLL,"Chicago, IL"
Data Center Internship,,"Tarrytown, NY"
Data Science Intern,Jabil,Remote in USA
Summer Internship Program â€“ Fixed Income Markets Intern - Data Analyst,Intercontinental Exchange,NYC
Intern - Database Analyst - Dba,,"Atlanta, GA"
Summer Internship Program â€“ Fixed Income Markets Intern - Data Analyst,,NYC
Data Analyst Intern,Exiger,"McLean, VA"
Analyst Intern - Delivery/Analytics,,"Richmond, VA"
Data Analytics Intern,Breeze Airways,"Cottonwood Heights, UT"
Data Science Intern,,"Auburn Hills, MI"
Investments Quantitative Analyst Intern,Allstate Insurance Company,"Chicago, IL"
Intern â€“ Data Science,Wealthsimple,Remote in USA
Software Engineering Summer Analyst/Associate,Tempus,"Chicago, IL"
Data Science Intern,StepStone Group,"Orlando, FL"
Data Science Intern - AI/ML,Jabil,"St. Petersburg, FL"
Data Science Internship,Elevance Health,"Chicago, IL</br>Walnut Creek, CA</br>Norfolk, VA"
2025 Summer internship - Data Analyst & Marketing consultant,Ekimetrics,"London, UK"
Comcast Data Engineer Co-op,Comcast,"Philadelphia, PA"
Comcast Information Systems Analyst Co-op,,"Philadelphia, PA"
Comcast Data Products & Governance Co-op,,"Philadelphia, PA"
Generative AI Summer Analyst,Tempus,"Chicago, IL"
Supply Chain Data Management Analyst Intern,Lumentum,"San Jose, CA"
Data Science Intern,Jabil,Remote in USA
Core Policy/Data Platform Intern,Illumio,"Sunnyvale, CA"
Data Scientist Intern - Business Intelligence,Cloudflare,United States
Data Engineering Summer Intern,Western Digital,"San Jose, CA"
Data Analysis Product Management Intern - Early Careers,SP Global,"Southfield, MI"
Data Collection Intern,Potential Motors,"Fredericton, NB, Canada"
Data Engineer Spring Co-op Summer/Fall,Found Energy,"Boston, MA"
Data and Analytics Undergraduate Internship Program,Discover,"Wheeling, IL"
Data and Analytics Graduate Internship Program,,"Wheeling, IL"
Data Engineer â€“ Intern,Visa,"Austin, TX"
Co-op Operations Data Analyst,Samsara,Remote in USA
Co-op Operations Data Analyst,,Remote in Canada
Intern â€“ Data Management,,NYC
Intern â€“ Data Science,,NYC
Data Scientist â€“ Intern,Capital One,"Toronto, ON, Canada"
Data Analytics Engineering Intern,,"Toronto, ON, Canada"
Data Engineering Intern,Auctane,"Austin, TX"
Summer 2025 Data Science Intern,WhatNot,Remote in USA</br>Remote in Canada
Software Engineering Summer Analyst - Testing Pipeline,Tempus,"Chicago, IL"
Data Analyst Intern - Business Continuity and Disaster Recovery,SWBC,"San Antonio, TX"
Software Intern - Data/AI Platform,Cadence Design Systems,"San Jose, CA"
Data Analyst â€“ Co-op/Internship,,"Toronto, ON, Canada"
Data Analyst Intern - Lending Risk,Super,Remote in Canada
2025 Summer Intern - Data Analytics/Data Science,Finra,"North Bethesda, MD</br>NYC"
Data Analyst Internship Summer 2025,Lucid,"Raleigh, NC"
Servicenow Junior Analyst â€“ Co-Op Student,HUB,"Burnaby, BC, Canada"
2025 Summer internship - Data Engineering and Developer Consultant,Ekimetrics,"London, UK"
2025 Summer internship - Data Science & Marketing Analytics Consultant,,"London, UK"
Data Science â€“ Intern â€“ Co-op/Internship,Bank of Montreal,"Toronto, ON, Canada"
2025 Software Engineering Summer Analyst - Cloud Services,AQR Capital Management,"Greenwich, CT"
Finance Data Engineer Intern,Crowdstrike,Remote in USA
Investment Analyst Intern,Manulife Financial,"Boston, MA"
Database and Web Interface Intern,,NYC
Data Science Business Analyst Intern,MSD,"Linden, NJ"
Forecasting Capabilities and Data Science Intern,,"Linden, NJ"
Data Science Intern,,"North Wales, PA</br>Linden, NJ"
Data & Analytics Intern - Data Solutions,,"Linden, NJ"
Data Science Intern,,"Linden, NJ"
Performance Data Management Intern,,"North Wales, PA"
Data Science Intern,,"North Wales, PA"
Cloud Data & Analytics Intern,AVEVA,"Houston, TX"
Intern - AI Scientist,Salesforce,"Cambridge, MA</br>SF"
Data Engineer Intern,,Remote in USA
Data Specialist Intern/Co-op,,"Toronto, ON, Canada</br>Kitchener, ON, Canada"
Data Analyst Intern/Co-op,,"Montreal, QC, Canada</br>Toronto, ON, Canada</br>Kitchener, ON, Canada"
Data Science Intern,Leidos,Remote in USA
Data Governance Intern,Jabil,"St. Petersburg, FL"
Marketing Intern - Data Analytics,Auctane,"Austin, TX"
"Engineering and Data Internships, Summer 2025",Shopify,Remote in Canada
Intern - Data Analyst,Salesforce,"Dallas, TX</br>Atlanta, GA"
Data Science & Modeling Intern - Early Careers,SP Global,Remote in USA
Financial Crimes Unit Data & Analytics Tech Intern,PricewaterhouseCoopers,"Norridge, IL</br>NYC"
Data Analytics Intern,Leidos,"Huntsville, AL"
Data Science Intern,,"North Bethesda, MD"
Data Science Intern,,"Lexington, KY</br>North Bethesda, MD"
Financial Investment Analyst Co-op/Intern,Manulife Financial,"Toronto, ON, Canada"
Intern--Data Science,Hatch IT,"Fairfax, VA"
Capital Markets Data Analytics Analyst Summer 2025 Internship,,"Toronto, ON, Canada"
AI/Data Science Intern,Assurant,Remote in USA
Business Integration Data Analytics Intern,,Remote in USA
Data Scientist,Motorola,Remote in USA
Data Analytics Intern,Leidos,"Huntsville, AL"
Enterprise Data Office College Co-op - Summer 2025,Fifth Third Bank,"Cincinnati, OH"
Data Scientist Intern,Leidos,"Arlington, VA"
Summer 2025 Intern - Data Analyst,Salesforce,"Dallas, TX</br>Atlanta, GA"
Data Scientist Intern,Motorola,"Hoffman Estates, IL"
Data Scientist Intern,,"Hoffman Estates, IL"
Data Scientist Intern - Product Analytics,,"Menlo Park, CA</br>NYC"
Data Engineer Intern,,"<details><summary>**5 locations**</summary>Seattle, WA</br>Burlingame, CA</br>Menlo Park, CA</br>NYC</br>Bellevue, WA</details>"
Data Scientist Intern - Product Analytics - PhD,,"Menlo Park, CA</br>NYC"
Data Science & Data Engineering Intern,Fifth Third Bank,"Cincinnati, OH"
Intern Process and CMC Data Science-Vaccines,Sanofi,"Waltham, MA"
Data Analyst I,Nelnet,Remote in USA
Business Quantitative Analyst Internship,Chatham Financial,"Centennial, CO"
Data Analytics Intern,,"San Bruno, CA"
Data Science Internship - Summer 2025,,"Huntsville, AL"
Artificial Intelligence/Machine Learning/Data Science Engineering Intern,,"San Jose, CA"
Analyst - Credit S&T - Sales - Trading & Research ðŸ›‚,Truist,NYC
Data Scientist/Product Analyst Intern,Splunk,"Boulder, CO"
Undergraduate Intern/Co-op - IT BI/Data Analyst,,"Andover, MA</br>Austin, TX</br>Irvine, CA"
Sales Operations Data Analytics Intern,FastSpring,Remote in USA
Data Analyst Intern - Support Operations,Cloudflare,"Austin, TX"
Data Science Graduate Intern/Co-op,,"Columbia, SC"
LLM Research Scientist Intern ðŸ‡ºðŸ‡¸,Leidos,Remote in USA
Data Science Intern - Intelligence Automation,,Remote in UK
Data Analysis Engineer,MKS Instruments,"Broomfield, CO"
Spectroscopy Data Scientist Intern,HRL Laboratories,"Malibu, CA"
ML Data Engineering and Data Science Intern,Crowdstrike,Remote in USA</br>Remote in Canada
Data Visualization Engineer Intern,Netflix,"Los Angeles, CA</br>Los Gatos, CA"
Test Bench and Data Analysis Engineer Intern,Zoox,"San Mateo, CA"
Tech Refresh/Data Analyst Intern,Leidos,"Alexandria, VA"
Data Engineer - Summer 2025,Visa,"Austin, TX"
Data Storage Intern,,"Highlands Ranch, CO"
SEAL Research Scientist Intern,Scale AI,SF</br>NYC
ML Research Engineer Internship - Smollms pretraining and datasets,Hugging Face,Remote in USA
2025 Truist Securities â€“ Summer Analyst Program - Public Finance S&T - Sales - Trading & Research,Truist,"Charlotte, NC"
2025 Truist Securities â€“ Summer Analyst Program - Equity S&T - Sales - Trading & Research,,NYC
Data Science Intern - Summer 2025 - Remote,Crowdstrike,Remote in UK
2025 Intern - Data Science,Adobe,"San Jose, CA"
Data Analyst Intern,Skylo Technologies,"Mountain View, CA"
2025 Sector Data Analyst Summer Intern,Schonfeld,NYC
AI Powered Data & Analytics IT ADI â€“ 2025 Summer Internship,Motorola,"Chicago, IL"
Implementation Analyst Intern,Harris Computer,"South Carolina</br>Atlanta, GA"
2025 Summer Internship-Data Science,Baxter International,"Johnsburg, IL"
Quantitative Investment Analyst Intern,,"Kansas City, MO"
Data Scientist Intern - Jan 2025 - Aug 2025,Visier Solutions,"Vancouver, BC, Canada"
Data Science / Machine Learning Intern,Shamrock Trading,"Overland Park, KS"
Data Engineering Undergraduate Internship - Summer 2025,CVS Pharmacy,"<details><summary>**5 locations**</summary>Smithfield, RI</br>Needham, MA</br>Hartford, CT</br>NYC</br>Irving, TX</details>"
Sales Excellence Data Quality Intern - Summer 2025,Crowdstrike,Remote in USA
Intern â€“ Data Engineer - Summer 2025,Veterans United,"Columbia, MO"
2025 Data Warehouse Engineer Intern,The Trade Desk,NYC
Summer 2025 Intern-Data Science - Business Analytics - And Sharepoint,The Federal Reserve System,"Chicago, IL"
Data Scientist Intern - Summer 2025,,"Hoffman Estates, IL"
HUB International Internship Program Data Enablement Summer 2025,HUB,"Chicago, IL"
2025 Intern - Data Scientist,Adobe,"SF</br>San Jose, CA"
2025 Intern - Data Scientist,,"SF</br>San Jose, CA"
2025 Data Science Internship - Earner Actioning - United States,Uber,SF
2025 Data Science Internship - Risk - United States,,"SF</br>Sunnyvale, CA"
2025 Data Science Internship - Customer Obsession - United States,,"Sunnyvale, CA"
2025 Data Science Internship - Customer Obsession - United States,,"Sunnyvale, CA"
2025 Data Science Internship - Risk - United States,,"SF</br>Sunnyvale, CA"
2025 Data Science Internship - Earner Actioning - United States,,SF
2025 Summer Intern - Data Science - London,The Trade Desk,"London, UK"
Business Intelligence & Data Analytics Intern,Tanium,"Oakland, CA"
Business Data Analyst Co-op,Motorola,Remote in Canada
Data Analyst Internship Summer 2025,,"Salt Lake City, UT"
2025 Intern - Data Scientist,Adobe,"Seattle, WA"
Liquidnet Data Analyst â€“ Summer Internship Programme 2025 - London,,"London, UK"
Security Data Scientist Intern - Boulder - CO - Summer 2025,,"Boulder, CO"
Data Engineer Intern,SP Global,"Princeton, NJ"
Intern â€“ Fixed Operations Data Analyst,JM Family,"Deerfield Beach, FL"
Data Science Intern - Summer 2025,,"Raleigh, NC"
Data Management Intern,Arevon,"Scottsdale, AZ"
2025 Data Science Summer Internship,Schonfeld,NYC
2025 Configuration & Data Management Intern - Plymouth MN,Northrop Grumman,"Wayzata, MN"
Data Analytics Intern,Stanley Black Decker,"Mississauga, ON, Canada"
Product and Data Research Intern - Summer 2025,Motorola,"Allen, TX"
Data Analytics Engineering Graduate Internship - Summer 2025,CVS Pharmacy,"<details><summary>**4 locations**</summary>Needham, MA</br>Hartford, CT</br>NYC</br>Irving, TX</details>"
Clinical Data Analyst Intern,Truveta,"Seattle, WA"
Software Engineering Intern - Data Operations - Machine Learning,,"Palo Alto, CA"
Software Engineering Intern - Data Operations - Machine Learning,,"Palo Alto, CA"
Software Engineering Intern - Data Applications - Machine Learning,,"Palo Alto, CA"
2025 Launch Program: Data Science Intern,Red Ventures,"Charlotte, NC"
Data Engineering Intern,,"Boca Raton, FL"
Data Science Intern,,"Boca Raton, FL"
Data Analyst Intern,Trimble,"Westminster, CO"
Intern â€“ Data Analyst,,Remote in USA
2025 Intern - Research Scientist/Engineer,Adobe,"San Jose, CA"
Data Science Engineering Intern,Gesture,NYC
Intern â€“ Data Engineer,Corelogic,"Irvine, CA</br>Dallas, TX"
2026 Bachelor's/Master's graduates â€“ Data Analytics Consulting Analyst/Associate Intern,Charles River Associates CRA,"Summit, NJ</br>NYC"
Data Science Intern - US - Summer 2025,WillowTree,"Charlottesville, VA"
Data & Analytics Intern,Trace3,"Irvine, CA"
Software Engineering Intern - Behavior Data Engine,Aurora Innovation,"Pittsburgh, PA"
2025 Software â€“ Data Science Engineering Intern - Linthicum MD/Annapolis Junction MD,,"Halethorpe, MD</br>Annapolis Junction, MD"
Data Science Intern,Coinbase,NYC
Summer Intern 2025 - Quantitative Research Analyst,Five Rings Capital,NYC
Associate Data Scientist â€“ Intern - Cybersecurity,Visa,"Ashburn, VA"
Data Science/ Computer Science Intern - Masters,Marvell,"Santa Clara, CA"
Data Science Undergraduate Internship - Summer 2025,CVS Pharmacy,"Needham, MA</br>NYC"
2025 Intern - Emerging Technology Analyst,Adobe,"San Jose, CA"
Data Science Intern - Summer 2025,Ncino,"Wilmington, NC</br>Lehi, UT"
Data Science Graduate Internship - Summer 2025,CVS Pharmacy,"Needham, MA</br>NYC"
Tableau Data Scientist Intern - Summer 2025,Motorola,"Chicago, IL"
Sales Excellence Data Analytics Intern - Summer 2025 - Texas - Remote,Crowdstrike,Remote in USA
2025 North America Data Science Internship,,NYC
2025 North America Data Science Internship,,"Bellevue, WA"
2025 Summer Intern - Data Science - London,,"London, UK"
Summer 2025 Intern - Database Engineer ðŸ‡ºðŸ‡¸,Salesforce,"Seattle, WA</br>Bellevue, WA"
Medicare STARS Data Intelligence Corporate Intern - Summer 2025,CVS Pharmacy,"Coraopolis, PA"
2025 â€“ Summer Analyst - Investment Banking - Strategic Shareholder Advisory - Data Science - London - United Kingdom,Citigroup,"London, UK"
CFO Intern - Data,USAA,"Charlotte, NC</br>San Antonio, TX"
Summer 2025 Intern-Data Science and Business Analytics,The Federal Reserve System,"Chicago, IL"
2025 Summer Internship Program â€“ BTS Innovation Analyst Intern,,"Atlanta, GA"
Summer 2025 Intern-Data Science and Business Analytics,,"Chicago, IL"
Software Engineer Intern - Database Engineering - Summer 2025,Snowflake,"San Mateo, CA"
Software Engineer Intern - Database Engineering - Summer 2025,,"Bellevue, WA"
Data Analytics Intern,Pacific Life,"Newport Beach, CA"
Data Engineering Intern,,"Newport Beach, CA"
2025 University Recruiting â€“ Global Clinical Data Integration Intern,MSD,"Linden, NJ"
Healthcare Data Science Intern,LexisNexis Risk Solutions,"Alpharetta, GA"
Intern â€“ Associate Development Analyst,,"Jacksonville, FL"
Intern â€“ Data Governance,,"Deerfield Beach, FL"
Intern â€“ Data Engineering,,"Deerfield Beach, FL"
Intern â€“ Automation Analyst,,"Deerfield Beach, FL"
Intern â€“ Developer Analyst,,"Deerfield Beach, FL"
Intern â€“ Data Analytics,,"Deerfield Beach, FL"
Intern â€“ Data Analyst,,"Deerfield Beach, FL"
Data Privacy Intern,,"Denver, CO"
12-Month Internship - Clinical Data Management or Statistical Programming - Leeds - UK,Fortrea,"Leeds, UK"
Data Science â€“ Summer 2025 Corporate Internship,,"Pittsburgh, PA"
Intern â€“ Data Analytics,,SF
Data Engineering Intern,,"San Jose, CA</br>Burlington, MA"
"Summer 2025 Business Analyst, Full Stack Developer Internship",T-Mobile,"Bellevue, WA"
Data Science Co-op - July 2025,Jellyfish,Remote in USA
Intern â€“ Customer Success Data Analyst,Corelogic,Remote in USA
2025 Business Quantitative Analyst Internship,Chatham Financial,"West Chester, PA"
Data Engineering Intern,Arrive Logistics,"Austin, TX"
Data Science Intern - Python and Pipelines,Recorded Future,"Boston, MA"
University Relations â€“ Data Science Engineer Intern,HCSC,"Chicago, IL"
University Relations â€“ Data Science Product Manager Intern,,"Chicago, IL"
Trading Operations Analyst Intern - Summer 2025,Optiver,"Chicago, IL"
2025 Software Engineering Summer Analyst - Enterprise Engineering,AQR Capital Management,"Greenwich, CT"
Data Analyst Intern,The New York Times,NYC
Database Development and Administration Intern,Leidos,"Bowie, MD"
Data Analyst Intern - Summer 2025,Vail Systems,"Chicago, IL"
Internship - Data & Analytics,Transparent Partners,"Chicago, IL"
2025 Intern - Finance Data Scientist,Adobe,"SF</br>San Jose, CA"
2025 Intern - Research Scientist/Engineer,Adobe,"<details><summary>**7 locations**</summary>Cambridge, MA</br>Seattle, WA</br>Toronto, ON, Canada</br>SF</br>San Jose, CA</br>Hyattsville, MD</br>NYC</details>"
2025 Intern - Enterprise Architecture Analyst,,NYC
Investment Analyst Intern,Northwestern Mutual,"Milwaukee, WI"
University Relations â€“ Associate Data Analyst Intern,HCSC,"Chicago, IL</br>Richardson, TX"
Data Storage Intern,Visa,"Highlands Ranch, CO"
Data Science Engineer Intern,Oshkosh,"Hagerstown, MD"
IT Data Engineer Intern - USA,Pinterest,Remote in USA
Data Engineering Intern - Summer 2025,DriveTime,"Tempe, AZ"
Software Engineer Intern - Database Engineering - Summer 2025,,"Bellevue, WA"
Software Engineer Intern - Database Engineering - Summer 2025,,"San Mateo, CA"
Data Scientist Intern ðŸ‡ºðŸ‡¸,,Remote in USA
Data Analyst Intern,Northwestern Mutual,"Milwaukee, WI"
Wealth Data Analytics Intern - Summer 2025,,"Milwaukee, WI"
University â€“ Data Scientist Intern,Booz Allen,"Norfolk, VA"
Data Scientist Internship/Co-op,,"San Mateo, CA"
Enterprise Technology Data Analyst Intern - Summer 2025,,"Orlando, FL</br>Burbank, CA"
Specialty Markets Data Analyst Intern - Summer 2025,Northwestern Mutual,"Milwaukee, WI"
IT Data Analytics â€“ 2025 Summer Internship - IL Hybrid,Motorola,"Chicago, IL</br>Hoffman Estates, IL"
Safety Learnings Data Scientist Intern,Zoox,"San Mateo, CA"
Engineering Project Analyst Intern - Pey - Bachelorâ€™s degree,Marvell,"Toronto, ON, Canada"
Data Analyst â€“ Internship,SeatGeek,NYC
Data Scientist Intern,Leidos,"Arlington, VA"
Research Scientist Intern,,"McLean, VA"
Data Engineering â€“ Content Internship/Co-op,Zoox,"San Mateo, CA"
Data Science â€“ & Analytics Internship - Engineering - Summer 2025,,"Palo Alto, CA"
Data Science Intern,Nutanix,"San Jose, CA"
Data Science Internship - San Jose,Vectra,"San Jose, CA"
Data Science Internship - Boston - MA,,"Boston, MA"
Data Science â€“ Analytics Intern - 2025 - Seattle,,"Seattle, WA"
Data Analyst Intern,Trimble,"Dayton, OH"
Data & Analytics Apprentice,Prosek Partners,NYC
Supply Chain Data Analyst Internship 2025,Motorola,"Chicago, IL"
Data Science Intern,,"Aurora, CO</br>Chantilly, VA"
2025 Data Engineer Intern - NYC,,NYC
Intern â€“ Data Developer,Autodesk,"Toronto, ON, Canada"
Summer 2025 Intern - Business Insights Analyst,Salesforce,"<details><summary>**6 locations**</summary>Seattle, WA</br>Indianapolis, IN</br>SF</br>Bellevue, WA</br>Atlanta, GA</br>Burlington, MA</details>"
Data Analyst Intern - Investments - Summer 2025 ðŸ›‚,Thrivent,"Minneapolis, MN"
Summer 2025 Internship â€“ Intern - Marketing Data Science - Modeling & Forecasting,Dow Jones,NYC
Summer 2025 â€“ Hydrogen-Deuterium Exchange data analysis Internship,Bristol-Myers Squibb,"Princeton, NJ"
Summer 2025 â€“ Data Science Internship,,"Princeton, NJ"
2025 Quantitative Research Development Summer Analyst,AQR Capital Management,"Greenwich, CT"
Data Scientist Intern-Summer 2025,Wayfair,"Boston, MA"
Data Engineer â€“ Intern - Summer 2025 ðŸ›‚,Visa,"San Mateo, CA"
Data Engineer â€“ Intern - Summer 2025 ðŸ›‚,,"Austin, TX"
Data Analytics Intern - Summer 2025,,"Chicago, IL"
Data Engineer Intern - Summer 2025,,"Chicago, IL"
Data Scientist â€“ Intern,Duolingo,"Pittsburgh, PA"
Data Scientist â€“ Intern,,"Pittsburgh, PA</br>NYC"
Supply Chain Data Analytics Internship 2025,Motorola,"Chicago, IL</br>Hoffman Estates, IL"
Data Intern-Summer 2025,,"<details><summary>**6 locations**</summary>Indianapolis, IN</br>Richmond, VA</br>Chicago, IL</br>Mason, OH</br>Norfolk, VA</br>Atlanta, GA</details>"
Summer 2025 â€“ Clinical Pharmacology Analysis and Reporting/Data Science Internship,Bristol-Myers Squibb,"Princeton, NJ"
Data Engineer Intern - Summer 2025,Motorola,"Chicago, IL</br>Hoffman Estates, IL"
Data Engineer Co-Op,,"Framingham, MA"
Data Analyst Intern,Zuru,LA
Data Scientist Intern - Digital Technology - Summer 2025,Oshkosh,"Hagerstown, MD"
Data Science Intern - Decisions Product - Toronto - Summer 2025,Lyft,"Toronto, ON, Canada"
Data Scientist Intern,Booz Allen,"San Diego, CA"
University â€“ Data Scientist Intern,,"San Diego, CA"
Data Science Internship-Summer 2025,Span,SF
Intern â€“ Data Scientist,ServiceNow,"San Diego, CA"
Trading Operations Analyst Intern - Summer 2025,Optiver,"Chicago, IL"
Data Scientist Intern ðŸ›‚,Numerade,Remote in USA
Data Science Internship 2025,TransUnion,"Chicago, IL</br>Alpharetta, GA"
2025 Data Science Internship,RELX,"Raleigh, NC"
Intern â€“ SQA Data Analyst - Summer 2025,,"Newark, CA"
2025 Summer Intern - Data Analyst - Bachelors; Remote or Hybrid from Reston - VA,ICF,"Reston, VA"
Standard Repair Time Analyst Intern - Summer 2025,,"Newton, IA"
Data Engineer Intern - Summer 2025,,Remote in USA
Data Analytics Intern - Summer 2025,,Remote in USA
Vantage Data Centers Intern,Vantage Data Centers,"<details><summary>**5 locations**</summary>Quincy, WA</br>Santa Clara, CA</br>Ashburn, VA</br>Phoenix, AZ</br>Denver, CO</details>"
Co-op â€“ Data Engineer,Tessera Therapeutics,"Cambridge, MA"
Data Science & Simulation Intern - Summer 2025,,"Long Beach, CA"
Intern â€“ Tooling Analyst - Summer 2025,,"Newark, CA"
Intern â€“ Powertrain Data Scientist - Summer 2025,,"Newark, CA"
Intern â€“ Battery Cell Engineer - Data Science - Summer 2025,,"Newark, CA"
2025 Quantitative Analyst Internship,Chatham Financial,"West Chester, PA"
Marketing Data Analytics Intern - Summer 2025,Carters Careers,"Atlanta, GA"
Summer 2025 Intern - Data Science - Illinois ðŸ›‚,Stryker,"Cary, IL"
2025 Summer Intern - Data Engineering - California,,"San Jose, CA"
Intern â€“ Applications & Data Analyst,National Information Solutions Cooperative NISC,Remote in USA
Intern â€“ Database Conversion Programming,,"Bismarck, ND</br>Lake St Louis, MO"
Data Science Intern - Summer 2025,DriveTime,Texas</br>Arizona
Data Science Internship,,"Raleigh, NC"
Data Engineer Internship,,"Raleigh, NC"
Summer 2025 Intern - Data Science - Texas ðŸ›‚,,"Flower Mound, TX"
Summer 2025 Intern - Data Science - Michigan ðŸ›‚,,"Portage, MI"
Data Science Intern,,"San Carlos, CA"
Data Engineer Intern,Amazon,"USA, WA, Seattle"
2025 Spring and Summer Intern - Sales Business Intelligence Analyst ðŸ›‚,Workiva,Remote in USA
Data Scientist Intern,Numerade,Remote in USA
2025 Summer Intern - Data Engineering ðŸ›‚,Workiva,"Denver, CO"
Public Investments â€“ Quantitative Analyst Internship - Undergraduate-level,Northwestern Mutual,"Milwaukee, WI"
Physics and Data Science Intern,Leidos,"San Diego, CA"
Campus â€“ Intern - Data Science - Analytics and Modeling Program - Flexible Hybrid,Fannie Mae,"Plano, TX"
Campus â€“ Intern - Data Science - Analytics and Modeling Program - Flexible Hybrid,,"Reston, VA"
Campus â€“ Intern - Data Science - Analytics and Modeling Program - Flexible Hybrid,,"Washington, DC"
2025 Summer Intern - Data Science,,Remote in USA
Data Analytics Intern - Summer 2025 ðŸ›‚,DriveTime,Texas</br>Arizona
Deep Learning Data Engineering Intern,Flawless,"Santa Monica, CA"
Data Scientist â€“ Intern - 2025,,SF</br>NYC
2025 Summer Internship - Data Engineer - Proprietary Research,Point72,NYC
2025 Summer Internship - Data Scientist - Proprietary Research,,NYC
Implementation Analyst â€“ Intern - Remote,Altera Digital Health,Remote in USA
Data Analyst Apprentice,General Assembly,"Austin, TX"
2025 Portfolio Implementation â€“ Trading and Portfolio Finance Summer Analyst,AQR Capital Management,"Greenwich, CT"
Marketing Data Analyst Intern,Anteriad,"Greenwich, CT"
Boeing Summer 2025 Internship Program - Paid - Information Technology - IT - And Data Analytics - Da - And Digital Aviation Solutions - Das,The Boeing Company,"<details><summary>**28 locations**</summary>Seattle, WA</br>Chester, PA</br>Long Beach, CA</br>Mesa, AZ</br>Colorado Springs, CO</br>Dallas, TX</br>Fairfax, VA</br>Plano, TX</br>Chicago, IL</br>Seal Beach, CA</br>Tukwila, WA</br>St Charles, MO</br>San Antonio, TX</br>Arlington, VA</br>Everett, WA</br>Auburn, WA</br>Reston, VA</br>Oklahoma City, OK</br>Kent, WA</br>Charleston, SC</br>Bellevue, WA</br>Atlanta, GA</br>Huntsville, AL</br>North Charleston, SC</br>Huntington Beach, CA</br>Hazelwood, MO</br>Mukilteo, WA</br>El Segundo, CA</details>"
Data Engineer Intern,ghSMART,Remote in USA
Data Engineer Intern - Advanced Analytics,Oshkosh,"Oshkosh, WI"
Apprentice Data Science Engineer,DraftKings,"London, UK"
Data Analyst Intern - Summer 2025 ðŸ›‚,Capital One,"McLean, VA</br>Richmond, VA"
Analyst Intern,Puffco,LA
Gordian Apprenticeship - Data Science,Gordian Biotechnology,"San Bruno, CA"
Software Engineer Intern - Data Engineering,,"Chicago, IL"
Data Analytics Intern,Quanterix,"Billerica, MA"
Data Scientist Intern,Numerade,Remote in USA
