title,company,location,url,application_url,date_posted
2025 Software Engineering Summer Analyst - Cloud Services,AQR Capital Management,"Greenwich, CT",,https://careers.aqr.com/jobs,2025-01-01
Investment Analyst Intern,Manulife Financial,"Boston, MA",,https://manulife.wd3.myworkdayjobs.com/en-US/MFCJH_Jobs/job/Boston-Massachusetts/Investment-Analyst-Intern---Summer-2025_JR24121390,2025-01-01
Database and Web Interface Intern,,NYC,,https://simonsfoundation.wd1.myworkdayjobs.com/en-US/simonsfoundationcareers/job/162-Fifth-Avenue-New-York-NY/Database-and-Web-Interface-Intern--for-High-Performance-Computing-and-Machine-Learning-Benchmarks-_R0001749-1,2025-01-01
Data Science Business Analyst Intern,MSD,"Linden, NJ",,https://msd.wd5.myworkdayjobs.com/en-US/SearchJobs/job/USA---New-Jersey---Rahway/XMLNAME-2025-University-Recruiting---Data-Science-Business-Analyst-Intern_R325363,2025-01-01
Forecasting Capabilities and Data Science Intern,,"Linden, NJ",,https://msd.wd5.myworkdayjobs.com/en-US/SearchJobs/job/USA---New-Jersey---Rahway/XMLNAME-2025-University-Recruiting---Forecasting-Capabilities-and-Data-Science-Intern_R324134,2025-01-01
Data Science Intern,,"North Wales, PA</br>Linden, NJ",,https://msd.wd5.myworkdayjobs.com/en-US/SearchJobs/job/USA---New-Jersey---Rahway/XMLNAME-2025-University-Recruiting---Data-Science-Intern_R324160,2025-01-01
Data & Analytics Intern - Data Solutions,,"Linden, NJ",,https://msd.wd5.myworkdayjobs.com/en-US/SearchJobs/job/USA---New-Jersey---Rahway/XMLNAME-2025-University-Recruiting---Data---Analytics-Intern---Data-Solutions_R321899,2025-01-01
Data Science Intern,,"Linden, NJ",,https://msd.wd5.myworkdayjobs.com/en-US/SearchJobs/job/USA---New-Jersey---Rahway/XMLNAME-2025-University-Recruiting---Data-Science-Intern_R323866,2025-01-01
Performance Data Management Intern,,"North Wales, PA",,https://msd.wd5.myworkdayjobs.com/en-US/SearchJobs/job/USA---Pennsylvania---North-Wales-Upper-Gwynedd/XMLNAME-2025-University-Recruiting---Performance-Data-Management-Intern_R323936,2025-01-01
Data Science Intern,,"North Wales, PA",,https://msd.wd5.myworkdayjobs.com/en-US/SearchJobs/job/USA---Pennsylvania---North-Wales-Upper-Gwynedd/XMLNAME-2025-University-Recruiting---Data-Science-Intern_R324192,2025-01-01
2025 University Recruiting - Data Science Intern,Merck,"Rahway, NJ",,https://jobs.merck.com/us/en/job/MERCUSR323866ENUS/2025-University-Recruiting-Data-Science-Intern,2025-01-01
Data Analyst Intern/Co-Op,AMD,"Austin, TX",,https://careers.amd.com/careers-home/jobs/57015,2025-01-01
Intern - AI Scientist,Salesforce,"Cambridge, MA</br>SF",,https://salesforce.wd12.myworkdayjobs.com/en-us/External_Career_Site/job/Massachusetts---Cambridge/Summer-2025-Intern---AI-Scientist_JR276113-1,2025-01-01
Data Specialist Intern/Co-op,,"Toronto, ON, Canada</br>Kitchener, ON, Canada",,https://manulife.wd3.myworkdayjobs.com/en-US/MFCJH_Jobs/job/Toronto-Ontario/Data-Specialist-Intern-Co-op---Summer-2025_JR24120997,2025-01-01
Data Analyst Intern/Co-op,,"Montreal, QC, Canada</br>Toronto, ON, Canada</br>Kitchener, ON, Canada",,https://manulife.wd3.myworkdayjobs.com/en-US/MFCJH_Jobs/job/Montreal-Quebec/Data-Analyst-Intern-Co-op---Summer-2025_JR24121037,2025-01-01
Data Governance Intern,Jabil,"St. Petersburg, FL",,https://jabil.wd5.myworkdayjobs.com/en-US/Jabil_Careers/job/St-PetersburgTampa-FL/Data-Governance-Intern_J2404521,2025-01-01
Data Science & Machine Learning Intern,Insitro,"San Bruno, CA",,https://job-boards.greenhouse.io/insitro/jobs/4426675006,2025-01-01
Marketing Intern - Data Analytics,Auctane,"Austin, TX",,https://job-boards.greenhouse.io/auctane/jobs/6301367003,2025-01-01
"Engineering and Data Internships, Summer 2025",Shopify,Remote in Canada,,https://www.shopify.com/ca/careers/engineering-and-data-internships-summer-2025_8f38c8b3-606d-47bc-ac83-e6ce1767c8bd,2025-01-01
Intern - Data Analyst,Salesforce,"Dallas, TX</br>Atlanta, GA",,https://salesforce.wd12.myworkdayjobs.com/en-us/External_Career_Site/job/Texas---Dallas/Summer-2025-Intern---Data-Analyst_JR276291-2,2025-01-01
Data Science & Modeling Intern - Early Careers,SP Global,Remote in USA,,https://spgi.wd5.myworkdayjobs.com/en-US/SPGI_Careers/job/Virtual-TX/Data-Science---Modeling-Intern--Early-Careers-_310575-1,2025-01-01
Financial Crimes Unit Data & Analytics Tech Intern,PricewaterhouseCoopers,"Norridge, IL</br>NYC",,https://pwc.wd3.myworkdayjobs.com/en-US/US_Entry_Level_Careers/job/IL-Rosemont/Financial-Crimes-Unit-Data---Analytics-Tech-Intern---Summer-2025_590904WD,2025-01-01
Data Science Intern,,"North Bethesda, MD",,https://job-boards.greenhouse.io/xometry/jobs/4605600007,2025-01-01
Data Science Intern,,"Lexington, KY</br>North Bethesda, MD",,https://job-boards.greenhouse.io/xometry/jobs/4605614007,2025-01-01
Financial Investment Analyst Co-op/Intern,Manulife Financial,"Toronto, ON, Canada",,https://manulife.wd3.myworkdayjobs.com/en-US/MFCJH_Jobs/job/Toronto-Ontario/Financial-Investment-Analyst-Co-op-Intern---Summer-2025_JR24120658,2025-01-01
Intern--Data Science,Hatch IT,"Fairfax, VA",,https://jobs.lever.co/hatchit/3bb0ac1f-670d-4ca8-be66-d857c6e275a9/apply,2025-01-01
Capital Markets Data Analytics Analyst Summer 2025 Internship,,"Toronto, ON, Canada",,https://bmo.wd3.myworkdayjobs.com/External/job/Toronto-ON-CAN/Capital-Markets-Data-Analytics-Analyst-Summer-2025-Internship_R240031690-1,2025-01-01
Data Science Intern- Summer 2025,ABB,"Cary, NC",,https://careers.abb/global/en/job/ABB1GLOBAL94084529EXTERNALENGLOBAL/Data-Science-Intern-Summer-2025,2025-01-01
Data Scientist Intern - Product Analytics,,"Menlo Park, CA</br>NYC",,https://www.metacareers.com/jobs/1730823254404037,2025-01-01
Data Engineer Intern,,"<details><summary>**5 locations**</summary>Seattle, WA</br>Burlingame, CA</br>Menlo Park, CA</br>NYC</br>Bellevue, WA</details>",,https://www.metacareers.com/jobs/1668648587034930,2025-01-01
Data Scientist Intern - Product Analytics - PhD,,"Menlo Park, CA</br>NYC",,https://www.metacareers.com/jobs/1587201785524309,2025-01-01
Intern Process and CMC Data Science-Vaccines,Sanofi,"Waltham, MA",,https://sanofi.wd3.myworkdayjobs.com/en-US/SanofiCareers/job/Waltham-MA/Summer-2025-Intern--Process-and-CMC-Data-Science--Vaccines-_R2763921,2025-01-01
Sales Operations Data Analytics Intern,FastSpring,Remote in USA,,https://job-boards.greenhouse.io/fastspring/jobs/5392210004,2025-01-01
Data Science Intern - Intelligence Automation,,Remote in UK,,https://crowdstrike.wd5.myworkdayjobs.com/en-us/crowdstrikecareers/job/United-Kingdom---Remote/Data-Science-Intern---Intelligence-Automation--Remote-_R21234,2025-01-01
Spectroscopy Data Scientist Intern,HRL Laboratories,"Malibu, CA",,https://jobs.lever.co/dodmg/df49112d-8bcf-4f0c-a4e0-7c6e42544201/apply,2025-01-01
Data Visualization Engineer Intern,Netflix,"Los Angeles, CA</br>Los Gatos, CA",,https://explore.jobs.netflix.net/careers/job/790299767067,2025-01-01
Test Bench and Data Analysis Engineer Intern,Zoox,"San Mateo, CA",,https://jobs.lever.co/zoox/4a244575-0e2e-4caa-9a1d-14e376a78986/apply,2025-01-01
SEAL Research Scientist Intern,Scale AI,SF</br>NYC,,https://job-boards.greenhouse.io/scaleai/jobs/4501679005,2025-01-01
Data Science Intern - Summer 2025 - Remote,Crowdstrike,Remote in UK,,https://crowdstrike.wd5.myworkdayjobs.com/en-us/crowdstrikecareers/job/United-Kingdom---Remote/Data-Science-Intern---Summer-2025--EMEA--Remote-_R21192,2025-01-01
2025 Intern - Data Science,Adobe,"San Jose, CA",,https://adobe.wd5.myworkdayjobs.com/external_experienced/job/San-Jose/XMLNAME-2025-Intern---Data-Science_R149789,2025-01-01
Implementation Analyst Intern,Harris Computer,"South Carolina</br>Atlanta, GA",,https://harriscomputer.wd3.myworkdayjobs.com/en-US/1/job/Office---Atlanta/Implementation-Analyst-Intern_R0027575,2025-01-01
2025 Summer Internship-Data Science,Baxter International,"Johnsburg, IL",,https://baxter.wd1.myworkdayjobs.com/en-US/baxter/job/Round-Lake-Illinois/XMLNAME-2025-Summer-Internship-Data-Science_JR-150987-1,2025-01-01
HUB International Internship Program Data Enablement Summer 2025,HUB,"Chicago, IL",,https://hubinternational.wd1.myworkdayjobs.com/en-US/HUBInternational/job/Chicago-IL/HUB-International-Internship-Program-Data-Enablement-Summer-2025_R0027381,2025-01-01
"Software Engineering Intern, Data Fabric ðŸ›‚",GE Vernova,"Bothell, WA",,https://jobs.gecareers.com/vernova/global/en/job/GE11GLOBALR3788514EXTERNALENGLOBAL/Software-Engineering-Intern-Data-Fabric,2025-01-01
2025 Intern - Data Scientist,Adobe,"SF</br>San Jose, CA",,https://adobe.wd5.myworkdayjobs.com/external_experienced/job/San-Francisco/XMLNAME-2025-Intern---Data-Scientist_R149562,2025-01-01
2025 Intern - Data Scientist,,"SF</br>San Jose, CA",,https://adobe.wd5.myworkdayjobs.com/external_experienced/job/San-Francisco/XMLNAME-2025-Intern---Data-Scientist_R149561,2025-01-01
2025 Intern - Data Scientist,Adobe,"Seattle, WA",,https://adobe.wd5.myworkdayjobs.com/external_experienced/job/Seattle/XMLNAME-2025-Intern---Data-Scientist_R149386,2025-01-01
Data Science Intern - Summer 2025,,"Raleigh, NC",,https://boards.greenhouse.io/bandwidth/jobs/6392267,2025-01-01
Data Management Intern,Arevon,"Scottsdale, AZ",,https://boards.greenhouse.io/arevonenergyimpltest/jobs/4579356007,2025-01-01
Engineering - Data Platform - Software Engineer,LighBox,"Irvine, CA",,https://globalus242.dayforcehcm.com/CandidatePortal/en-US/lightbox/Site/LIGHTBOXCAREERS/Posting/View/456,2025-01-01
"Summer Internship Program 2025 - Data Analyst, Data Science and Visualization Intern",ICE,"New York, NY",,https://careers.ice.com/jobs/9280?mode=apply&utm_source=Simplify&ref=Simplify,2025-01-01
Clinical Data Analyst Intern,Truveta,"Seattle, WA",,https://job-boards.greenhouse.io/truveta/jobs/5374109004,2025-01-01
Software Engineering Intern - Data Operations - Machine Learning,Rivian,"Palo Alto, CA",,https://careers.rivian.com/jobs/20004?lang=en-us&icims=1&utm_source=Simplify&ref=Simplify,2025-01-01
Software Engineering Intern - Data Operations - Machine Learning,,"Palo Alto, CA",,https://careers.rivian.com/jobs/20003?lang=en-us&icims=1&utm_source=Simplify&ref=Simplify,2025-01-01
Software Engineering Intern - Data Applications - Machine Learning,,"Palo Alto, CA",,https://careers.rivian.com/jobs/20005?lang=en-us&icims=1&utm_source=Simplify&ref=Simplify,2025-01-01
Data Engineering Intern,,"Boca Raton, FL",,https://www.modmed.com/company/careers/,2025-01-01
Data Science Intern,,"Boca Raton, FL",,https://www.modmed.com/company/careers/,2025-01-01
Data Analyst Intern,Trimble,"Westminster, CO",,https://trimble.wd1.myworkdayjobs.com/en-US/TrimbleCareers/job/US---CO-Westminster/Data-Analyst-Intern_R46852,2025-01-01
Data Science Engineering Intern,Gesture,NYC,,https://gesture-us-inc.breezy.hr/p/b48d6376f1d5/apply,2025-01-01
Data & Analytics Intern,Trace3,"Irvine, CA",,https://boards.greenhouse.io/trace3/jobs/6375609,2025-01-01
Data Science - Analytics Intern,eBay,"New York, NY</br>Bellevue, WA</br>San Jose, CA",,https://app.ripplematch.com/v2/public/job/fc94df68/details,2025-01-01
Data Science Intern,,NYC,,https://boards.greenhouse.io/embed/job_app?token=6266445&utm_source=Simplify&ref=Simplify,2025-01-01
Summer Intern 2025 - Quantitative Research Analyst,Five Rings Capital,NYC,,https://job-boards.greenhouse.io/fiveringsllc/jobs/4069548008,2025-01-01
2025 Intern - Emerging Technology Analyst,Adobe,"San Jose, CA",,https://careers.adobe.com/us/en/job/ADOBUSR148758EXTERNALENUS/2025-Intern-Emerging-Technology-Analyst,2025-01-01
Data and AI Intern ðŸ›‚,IBM,"New York, NY",,https://careers.ibm.com/job/21042782/data-and-ai-intern-new-york-ny/,2025-01-01
2025 Intern - Emerging Technology Analyst,Adobe,"San Jose, CA",,https://adobe.wd5.myworkdayjobs.com/external_experienced/job/San-Jose/XMLNAME-2025-Intern---Emerging-Technology-Analyst_R148758,2025-01-01
"Information Systems, IT, Cyber Engineer & Data Science - Summer 2025 Intern (US Person Required) ðŸ‡ºðŸ‡¸",Honeywell,United States,,https://careers.honeywell.com/us/en/job/req460340/Information-Systems-IT-Cyber-Engineer-Data-Science-Summer-2025-Intern-US-Person-Required,2025-01-01
"Information Systems, IT, Cyber Engineer & Data Science - Summer 2025 Intern",,Remote,,https://careers.honeywell.com/us/en/job/HONEUSREQ460339EXTERNALENUS/Information-Systems-IT-Cyber-Engineer-Data-Science-Summer-2025-Intern,2025-01-01
2025 Summer Intern - Product Development Data Sciences,Genentech,"South San Francisco, CA",,https://careers.gene.com/us/en/job/GENEUS202410126855EXTERNALENUS/2025-Summer-Intern-Product-Development-Data-Sciences,2025-01-01
Data Engineering Intern,,"San Jose, CA</br>Burlington, MA",,https://analogdevices.wd1.myworkdayjobs.com/en-US/External/job/US-CA-San-Jose-Rio-Robles/Data-Engineering-Intern_R243720,2025-01-01
Software Engineer Intern (Database Engineering),Snowflake,"Bellevue, Washington",,https://careers.snowflake.com/us/en/job/SNCOUSAEF1E85D07BE43FEA8066CBEBB9E6A99EXTERNALENUS3377623AEF974EAFABF5C29180040540/Software-Engineer-Intern-Database-Engineering-Summer-2025,2025-01-01
Trading Operations Analyst Intern - Summer 2025,Optiver,"Chicago, IL",,https://optiver.com/working-at-optiver/career-opportunities/7694481002/,2025-01-01
2025 Summer Data Analyst/Information Systems Intern ðŸ›‚,Hitachi Energy,"Raleigh, NC",,https://www.hitachienergy.com/careers/open-jobs/details/JID3-100833,2025-01-01
2025 Intern - Finance Data Scientist,Adobe,"SF</br>San Jose, CA",,https://adobe.wd5.myworkdayjobs.com/external_experienced/job/San-Francisco/XMLNAME-2025-Intern---Finance-Data-Scientist_R148742,2025-01-01
2025 Intern - Research Scientist/Engineer,Adobe,"<details><summary>**7 locations**</summary>Cambridge, MA</br>Seattle, WA</br>Toronto, ON, Canada</br>SF</br>San Jose, CA</br>Hyattsville, MD</br>NYC</details>",,https://adobe.wd5.myworkdayjobs.com/external_experienced/job/San-Jose/XMLNAME-2025-Intern---Research-Scientist-Engineer_R150692,2025-01-01
2025 Intern - Enterprise Architecture Analyst,,NYC,,https://adobe.wd5.myworkdayjobs.com/external_experienced/job/New-York/XMLNAME-2025-Intern---Enterprise-Architecture-Analyst_R150709,2025-01-01
Data Science Engineer Intern,Oshkosh,"Hagerstown, MD",,https://oshkoshcorporation.wd5.myworkdayjobs.com/Oshkosh/job/Hagerstown-Maryland-United-States/Data-Science-Engineer-Intern_R30870,2025-01-01
IT Data Engineer Intern - USA,Pinterest,Remote in USA,,https://www.pinterestcareers.com/job-form,2025-01-01
University â€“ Data Scientist Intern,Booz Allen,"Norfolk, VA",,https://bah.wd1.myworkdayjobs.com/en-US/BAH_Jobs/job/Norfolk-VA/University---Data-Scientist-Intern_R0207595,2025-01-01
Software/Data Engineering Internship,Harmonia,"McLean, VA",,https://www.harmonia.com/job-application/,2025-01-01
Data Analyst â€“ Internship,SeatGeek,NYC,,https://seatgeek.com/jobs/6295872,2025-01-01
Data Science Internship - San Jose,Vectra,"San Jose, CA",,https://boards.greenhouse.io/vectranetworks/jobs/6258867,2025-01-01
Data Science Internship - Boston - MA,,"Boston, MA",,https://boards.greenhouse.io/vectranetworks/jobs/6258849,2025-01-01
Data Science Intern - Summer 2025,,"San Francisco, CA",,https://ats.rippling.com/rippling/jobs/b34c83f3-0a18-4415-9daa-fffc85cd2684,2025-01-01
"Co-op, Delta Wellness - Data Science (Summer, 2025) ðŸ‡ºðŸ‡¸",Delta,"Atlanta, Georgia",,https://delta.avature.net/en_US/careers/JobDetail/Co-op-Delta-Wellness-Data-Science-Summer-2025/25829?jobId=25829#/&utm_source=Simplify&ref=Simplify,2025-01-01
Vantage Data Centers Intern,Vantage Data Centers,"Ashburn, VA</br>Denver, CO",,https://vantagedc.wd1.myworkdayjobs.com/en-US/Vantage/job/Denver-Colorado/Vantage-Data-Centers-Intern--NA_R16328,2025-01-01
Data Science Intern - Decisions Product - Toronto - Summer 2025,Lyft,"Toronto, ON, Canada",,https://app.careerpuck.com/job-board/lyft/job/7627220002,2025-01-01
"EDP Intern (Software, Data, Cloud Platform) ðŸ›‚",Travelers Insurance,"Hartford CT</br>St. Paul MN</br>Atlanta, GA",,https://careers.travelers.com/job/20959829/engineering-development-program-edp-intern-hartford-ct/,2025-01-01
Data Science Intern - Summer 2025,DriveTime,Texas</br>Arizona,,https://drivetime.wd1.myworkdayjobs.com/DriveTime/job/1720-W-Rio-Salado-Pkwy-Tempe-AZ-85281/Data-Science-Intern--Summer-2025-_R9320,2025-01-01
Summer 2025 Intern - Data Science - Michigan ðŸ›‚,Stryker,"Portage, MI",,https://stryker.wd1.myworkdayjobs.com/StrykerCareers/job/Portage-Michigan/Summer-2025-Intern---Data-Science---Michigan_R527632,2025-01-01
Data Science Intern,,"San Carlos, CA",,https://boards.greenhouse.io/moloco/jobs/6097498003,2025-01-01
Data Engineer Intern,Amazon,"USA, WA, Seattle",,https://amazon.jobs/en/jobs/2740350/data-engineer-summer-internship-2025-us,2025-01-01
Data Analytics Intern - Summer 2025 ðŸ›‚,DriveTime,Texas</br>Arizona,,https://drivetime.wd1.myworkdayjobs.com/DriveTime/job/1720-W-Rio-Salado-Pkwy-Tempe-AZ-85281/Data-Analytics-Intern--Summer-2025-_R9141,2025-01-01
2025 Summer Analyst Program,Goldman Sachs,"Dallas, TX</br>NYC, NY</br>Salt lake City, UT",,https://www.goldmansachs.com/careers/students/programs-and-internships/americas/2025-summer-analyst-program,2025-01-01
Software Engineer Intern (Data-TnS-Eng-Biz Arch),TikTok,"Vancouver, Canada",,https://careers.tiktok.com/position/7397158652886763814/detail?spread=5MWH5CQ&utm_source=Simplify&ref=Simplify,2025-01-01
Global Technology Analyst Intern,Bank of America,"<details><summary>**8 locations**</summary>Charlotte, NC</br>Chicago, IL</br>Dallas Metro, TX</br>Denver, CO</br>NY Metro</br>Pennington, NJ</br>Richmond, VA</br>Washington, DC</details>",,https://campus.bankofamerica.com/careers/global_technology_summer_analyst_program__2025.html,2025-01-01
Technology Summer Analyst Program,Morgan Stanley,"New York, NY",,https://morganstanley.tal.net/vx/lang-en-GB/mobile-0/brand-2/xf-53fdfbaf0394/candidate/so/pm/1/pl/1/opp/17297-2025-Technology-Summer-Analyst-Program-New-York/en-GB,2025-01-01
Finance Data Engineer Intern,Crowdstrike,Remote in USA,,,2025-01-01
Cloud Data & Analytics Intern,AVEVA,"Houston, TX",,,2025-01-01
Data Engineer Intern,,Remote in USA,,,2025-01-01
Data Science Intern,Leidos,Remote in USA,,,2025-01-01
Data Analytics Intern,Leidos,"Huntsville, AL",,,2025-01-01
AI/Data Science Intern,Assurant,Remote in USA,,,2025-01-01
Business Integration Data Analytics Intern,,Remote in USA,,,2025-01-01
Data Scientist,Motorola,Remote in USA,,,2025-01-01
Data Analytics Intern,Leidos,"Huntsville, AL",,,2025-01-01
Enterprise Data Office College Co-op - Summer 2025,Fifth Third Bank,"Cincinnati, OH",,,2025-01-01
Data Scientist Intern,Leidos,"Arlington, VA",,,2025-01-01
Summer 2025 Intern - Data Analyst,Salesforce,"Dallas, TX</br>Atlanta, GA",,,2025-01-01
Data Scientist Intern,Motorola,"Hoffman Estates, IL",,,2025-01-01
Data Scientist Intern,,"Hoffman Estates, IL",,,2025-01-01
Data Science & Data Engineering Intern,Fifth Third Bank,"Cincinnati, OH",,,2025-01-01
Data Analyst I,Nelnet,Remote in USA,,,2025-01-01
Business Quantitative Analyst Internship,Chatham Financial,"Centennial, CO",,,2025-01-01
Data Analytics Intern,,"San Bruno, CA",,,2025-01-01
Data Science Internship - Summer 2025,,"Huntsville, AL",,,2025-01-01
Artificial Intelligence/Machine Learning/Data Science Engineering Intern,,"San Jose, CA",,,2025-01-01
Analyst - Credit S&T - Sales - Trading & Research ðŸ›‚,Truist,NYC,,,2025-01-01
Data Scientist/Product Analyst Intern,Splunk,"Boulder, CO",,,2025-01-01
Undergraduate Intern/Co-op - IT BI/Data Analyst,,"Andover, MA</br>Austin, TX</br>Irvine, CA",,,2025-01-01
Data Analyst Intern - Support Operations,Cloudflare,"Austin, TX",,,2025-01-01
Data Science Graduate Intern/Co-op,,"Columbia, SC",,,2025-01-01
LLM Research Scientist Intern ðŸ‡ºðŸ‡¸,Leidos,Remote in USA,,,2025-01-01
Data Analysis Engineer,MKS Instruments,"Broomfield, CO",,,2025-01-01
ML Data Engineering and Data Science Intern,Crowdstrike,Remote in USA</br>Remote in Canada,,,2025-01-01
Tech Refresh/Data Analyst Intern,Leidos,"Alexandria, VA",,,2025-01-01
Data Engineer - Summer 2025,Visa,"Austin, TX",,,2025-01-01
Data Storage Intern,,"Highlands Ranch, CO",,,2025-01-01
ML Research Engineer Internship - Smollms pretraining and datasets,Hugging Face,Remote in USA,,,2025-01-01
2025 Truist Securities â€“ Summer Analyst Program - Public Finance S&T - Sales - Trading & Research,Truist,"Charlotte, NC",,,2025-01-01
2025 Truist Securities â€“ Summer Analyst Program - Equity S&T - Sales - Trading & Research,,NYC,,,2025-01-01
Data Analyst Intern,Skylo Technologies,"Mountain View, CA",,,2025-01-01
2025 Sector Data Analyst Summer Intern,Schonfeld,NYC,,,2025-01-01
AI Powered Data & Analytics IT ADI â€“ 2025 Summer Internship,Motorola,"Chicago, IL",,,2025-01-01
Quantitative Investment Analyst Intern,,"Kansas City, MO",,,2025-01-01
Data Scientist Intern - Jan 2025 - Aug 2025,Visier Solutions,"Vancouver, BC, Canada",,,2025-01-01
Data Science / Machine Learning Intern,Shamrock Trading,"Overland Park, KS",,,2025-01-01
Data Engineering Undergraduate Internship - Summer 2025,CVS Pharmacy,"<details><summary>**5 locations**</summary>Smithfield, RI</br>Needham, MA</br>Hartford, CT</br>NYC</br>Irving, TX</details>",,,2025-01-01
Sales Excellence Data Quality Intern - Summer 2025,Crowdstrike,Remote in USA,,,2025-01-01
Intern â€“ Data Engineer - Summer 2025,Veterans United,"Columbia, MO",,,2025-01-01
2025 Data Warehouse Engineer Intern,The Trade Desk,NYC,,,2025-01-01
Summer 2025 Intern-Data Science - Business Analytics - And Sharepoint,The Federal Reserve System,"Chicago, IL",,,2025-01-01
Data Scientist Intern - Summer 2025,,"Hoffman Estates, IL",,,2025-01-01
2025 Data Science Internship - Earner Actioning - United States,Uber,SF,,,2025-01-01
2025 Data Science Internship - Risk - United States,,"SF</br>Sunnyvale, CA",,,2025-01-01
2025 Data Science Internship - Customer Obsession - United States,,"Sunnyvale, CA",,,2025-01-01
2025 Data Science Internship - Customer Obsession - United States,,"Sunnyvale, CA",,,2025-01-01
2025 Data Science Internship - Risk - United States,,"SF</br>Sunnyvale, CA",,,2025-01-01
2025 Data Science Internship - Earner Actioning - United States,,SF,,,2025-01-01
2025 Summer Intern - Data Science - London,The Trade Desk,"London, UK",,,2025-01-01
Business Intelligence & Data Analytics Intern,Tanium,"Oakland, CA",,,2025-01-01
Business Data Analyst Co-op,Motorola,Remote in Canada,,,2025-01-01
Data Analyst Internship Summer 2025,,"Salt Lake City, UT",,,2025-01-01
Liquidnet Data Analyst â€“ Summer Internship Programme 2025 - London,,"London, UK",,,2025-01-01
Security Data Scientist Intern - Boulder - CO - Summer 2025,Splunk,"Boulder, CO",,,2025-01-01
Data Engineer Intern,SP Global,"Princeton, NJ",,,2025-01-01
Intern â€“ Fixed Operations Data Analyst,JM Family,"Deerfield Beach, FL",,,2025-01-01
2025 Data Science Summer Internship,Schonfeld,NYC,,,2025-01-01
2025 Configuration & Data Management Intern - Plymouth MN,Northrop Grumman,"Wayzata, MN",,,2025-01-01
Data Analytics Intern,Stanley Black Decker,"Mississauga, ON, Canada",,,2025-01-01
Product and Data Research Intern - Summer 2025,Motorola,"Allen, TX",,,2025-01-01
Data Analytics Engineering Graduate Internship - Summer 2025,CVS Pharmacy,"<details><summary>**4 locations**</summary>Needham, MA</br>Hartford, CT</br>NYC</br>Irving, TX</details>",,,2025-01-01
2025 Launch Program: Data Science Intern,Red Ventures,"Charlotte, NC",,,2025-01-01
Intern â€“ Data Analyst,,Remote in USA,,,2025-01-01
2025 Intern - Research Scientist/Engineer,Adobe,"San Jose, CA",,,2025-01-01
Intern â€“ Data Engineer,Corelogic,"Irvine, CA</br>Dallas, TX",,,2025-01-01
2026 Bachelor's/Master's graduates â€“ Data Analytics Consulting Analyst/Associate Intern,Charles River Associates CRA,"Summit, NJ</br>NYC",,,2025-01-01
Data Science Intern - US - Summer 2025,WillowTree,"Charlottesville, VA",,,2025-01-01
Software Engineering Intern - Behavior Data Engine,Aurora Innovation,"Pittsburgh, PA",,,2025-01-01
2025 Software â€“ Data Science Engineering Intern - Linthicum MD/Annapolis Junction MD,,"Halethorpe, MD</br>Annapolis Junction, MD",,,2025-01-01
Associate Data Scientist â€“ Intern - Cybersecurity,Visa,"Ashburn, VA",,,2025-01-01
Data Science/ Computer Science Intern - Masters,Marvell,"Santa Clara, CA",,,2025-01-01
Data Science Undergraduate Internship - Summer 2025,CVS Pharmacy,"Needham, MA</br>NYC",,,2025-01-01
Data Science Intern - Summer 2025,Ncino,"Wilmington, NC</br>Lehi, UT",,,2025-01-01
Data Science Graduate Internship - Summer 2025,CVS Pharmacy,"Needham, MA</br>NYC",,,2025-01-01
Tableau Data Scientist Intern - Summer 2025,Motorola,"Chicago, IL",,,2025-01-01
Sales Excellence Data Analytics Intern - Summer 2025 - Texas - Remote,Crowdstrike,Remote in USA,,,2025-01-01
2025 North America Data Science Internship,,NYC,,,2025-01-01
2025 North America Data Science Internship,,"Bellevue, WA",,,2025-01-01
2025 Summer Intern - Data Science - London,,"London, UK",,,2025-01-01
Summer 2025 Intern - Database Engineer ðŸ‡ºðŸ‡¸,Salesforce,"Seattle, WA</br>Bellevue, WA",,,2025-01-01
Medicare STARS Data Intelligence Corporate Intern - Summer 2025,CVS Pharmacy,"Coraopolis, PA",,,2025-01-01
2025 â€“ Summer Analyst - Investment Banking - Strategic Shareholder Advisory - Data Science - London - United Kingdom,Citigroup,"London, UK",,,2025-01-01
CFO Intern - Data,USAA,"Charlotte, NC</br>San Antonio, TX",,,2025-01-01
Summer 2025 Intern-Data Science and Business Analytics,The Federal Reserve System,"Chicago, IL",,,2025-01-01
2025 Summer Internship Program â€“ BTS Innovation Analyst Intern,,"Atlanta, GA",,,2025-01-01
Summer 2025 Intern-Data Science and Business Analytics,,"Chicago, IL",,,2025-01-01
Software Engineer Intern - Database Engineering - Summer 2025,Snowflake,"San Mateo, CA",,,2025-01-01
Software Engineer Intern - Database Engineering - Summer 2025,,"Bellevue, WA",,,2025-01-01
Data Analytics Intern,Pacific Life,"Newport Beach, CA",,,2025-01-01
Data Engineering Intern,,"Newport Beach, CA",,,2025-01-01
2025 University Recruiting â€“ Global Clinical Data Integration Intern,MSD,"Linden, NJ",,,2025-01-01
Healthcare Data Science Intern,LexisNexis Risk Solutions,"Alpharetta, GA",,,2025-01-01
Intern â€“ Associate Development Analyst,,"Jacksonville, FL",,,2025-01-01
Intern â€“ Data Governance,,"Deerfield Beach, FL",,,2025-01-01
Intern â€“ Data Engineering,,"Deerfield Beach, FL",,,2025-01-01
Intern â€“ Automation Analyst,,"Deerfield Beach, FL",,,2025-01-01
Intern â€“ Developer Analyst,,"Deerfield Beach, FL",,,2025-01-01
Intern â€“ Data Analytics,,"Deerfield Beach, FL",,,2025-01-01
Intern â€“ Data Analyst,,"Deerfield Beach, FL",,,2025-01-01
Data Privacy Intern,,"Denver, CO",,,2025-01-01
12-Month Internship - Clinical Data Management or Statistical Programming - Leeds - UK,Fortrea,"Leeds, UK",,,2025-01-01
Data Science â€“ Summer 2025 Corporate Internship,,"Pittsburgh, PA",,,2025-01-01
Intern â€“ Data Analytics,,SF,,,2025-01-01
"Summer 2025 Business Analyst, Full Stack Developer Internship",T-Mobile,"Bellevue, WA",,,2025-01-01
Data Science Co-op - July 2025,Jellyfish,Remote in USA,,,2025-01-01
Intern â€“ Customer Success Data Analyst,Corelogic,Remote in USA,,,2025-01-01
2025 Business Quantitative Analyst Internship,Chatham Financial,"West Chester, PA",,,2025-01-01
Data Engineering Intern,Arrive Logistics,"Austin, TX",,,2025-01-01
Data Science Intern - Python and Pipelines,Recorded Future,"Boston, MA",,,2025-01-01
University Relations â€“ Data Science Engineer Intern,HCSC,"Chicago, IL",,,2025-01-01
University Relations â€“ Data Science Product Manager Intern,,"Chicago, IL",,,2025-01-01
2025 Software Engineering Summer Analyst - Enterprise Engineering,AQR Capital Management,"Greenwich, CT",,,2025-01-01
Data Analyst Intern,The New York Times,NYC,,,2025-01-01
Database Development and Administration Intern,Leidos,"Bowie, MD",,,2025-01-01
Data Analyst Intern - Summer 2025,Vail Systems,"Chicago, IL",,,2025-01-01
Internship - Data & Analytics,Transparent Partners,"Chicago, IL",,,2025-01-01
Investment Analyst Intern,Northwestern Mutual,"Milwaukee, WI",,,2025-01-01
University Relations â€“ Associate Data Analyst Intern,HCSC,"Chicago, IL</br>Richardson, TX",,,2025-01-01
Data Storage Intern,Visa,"Highlands Ranch, CO",,,2025-01-01
Data Engineering Intern - Summer 2025,DriveTime,"Tempe, AZ",,,2025-01-01
Software Engineer Intern - Database Engineering - Summer 2025,,"Bellevue, WA",,,2025-01-01
Software Engineer Intern - Database Engineering - Summer 2025,,"San Mateo, CA",,,2025-01-01
Data Scientist Intern ðŸ‡ºðŸ‡¸,,Remote in USA,,,2025-01-01
Data Analyst Intern,Northwestern Mutual,"Milwaukee, WI",,,2025-01-01
Wealth Data Analytics Intern - Summer 2025,,"Milwaukee, WI",,,2025-01-01
Data Scientist Internship/Co-op,Zoox,"San Mateo, CA",,,2025-01-01
Enterprise Technology Data Analyst Intern - Summer 2025,,"Orlando, FL</br>Burbank, CA",,,2025-01-01
Specialty Markets Data Analyst Intern - Summer 2025,Northwestern Mutual,"Milwaukee, WI",,,2025-01-01
IT Data Analytics â€“ 2025 Summer Internship - IL Hybrid,Motorola,"Chicago, IL</br>Hoffman Estates, IL",,,2025-01-01
Safety Learnings Data Scientist Intern,Zoox,"San Mateo, CA",,,2025-01-01
Engineering Project Analyst Intern - Pey - Bachelorâ€™s degree,Marvell,"Toronto, ON, Canada",,,2025-01-01
Data Scientist Intern,Leidos,"Arlington, VA",,,2025-01-01
Research Scientist Intern,,"McLean, VA",,,2025-01-01
Data Engineering â€“ Content Internship/Co-op,Zoox,"San Mateo, CA",,,2025-01-01
Data Science â€“ & Analytics Internship - Engineering - Summer 2025,,"Palo Alto, CA",,,2025-01-01
Data Science Intern,Nutanix,"San Jose, CA",,,2025-01-01
Data Science â€“ Analytics Intern - 2025 - Seattle,,"Seattle, WA",,,2025-01-01
Data Analyst Intern,Trimble,"Dayton, OH",,,2025-01-01
Data & Analytics Apprentice,Prosek Partners,NYC,,,2025-01-01
Supply Chain Data Analyst Internship 2025,Motorola,"Chicago, IL",,,2025-01-01
Data Science Intern,,"Aurora, CO</br>Chantilly, VA",,,2025-01-01
2025 Data Engineer Intern - NYC,,NYC,,,2025-01-01
Intern â€“ Data Developer,Autodesk,"Toronto, ON, Canada",,,2025-01-01
Summer 2025 Intern - Business Insights Analyst,Salesforce,"<details><summary>**6 locations**</summary>Seattle, WA</br>Indianapolis, IN</br>SF</br>Bellevue, WA</br>Atlanta, GA</br>Burlington, MA</details>",,,2025-01-01
Data Analyst Intern - Investments - Summer 2025 ðŸ›‚,Thrivent,"Minneapolis, MN",,,2025-01-01
Summer 2025 Internship â€“ Intern - Marketing Data Science - Modeling & Forecasting,Dow Jones,NYC,,,2025-01-01
Summer 2025 â€“ Hydrogen-Deuterium Exchange data analysis Internship,Bristol-Myers Squibb,"Princeton, NJ",,,2025-01-01
Summer 2025 â€“ Data Science Internship,,"Princeton, NJ",,,2025-01-01
2025 Quantitative Research Development Summer Analyst,AQR Capital Management,"Greenwich, CT",,,2025-01-01
Data Scientist Intern-Summer 2025,Wayfair,"Boston, MA",,,2025-01-01
Data Engineer â€“ Intern - Summer 2025 ðŸ›‚,Visa,"San Mateo, CA",,,2025-01-01
Data Engineer â€“ Intern - Summer 2025 ðŸ›‚,,"Austin, TX",,,2025-01-01
Data Analytics Intern - Summer 2025,,"Chicago, IL",,,2025-01-01
Data Engineer Intern - Summer 2025,,"Chicago, IL",,,2025-01-01
Data Scientist â€“ Intern,Duolingo,"Pittsburgh, PA",,,2025-01-01
Data Scientist â€“ Intern,,"Pittsburgh, PA</br>NYC",,,2025-01-01
Supply Chain Data Analytics Internship 2025,Motorola,"Chicago, IL</br>Hoffman Estates, IL",,,2025-01-01
Data Intern-Summer 2025,,"<details><summary>**6 locations**</summary>Indianapolis, IN</br>Richmond, VA</br>Chicago, IL</br>Mason, OH</br>Norfolk, VA</br>Atlanta, GA</details>",,,2025-01-01
Summer 2025 â€“ Clinical Pharmacology Analysis and Reporting/Data Science Internship,Bristol-Myers Squibb,"Princeton, NJ",,,2025-01-01
Data Engineer Intern - Summer 2025,Motorola,"Chicago, IL</br>Hoffman Estates, IL",,,2025-01-01
Data Engineer Co-Op,,"Framingham, MA",,,2025-01-01
Data Analyst Intern,Zuru,LA,,,2025-01-01
Data Scientist Intern - Digital Technology - Summer 2025,Oshkosh,"Hagerstown, MD",,,2025-01-01
Data Scientist Intern,Booz Allen,"San Diego, CA",,,2025-01-01
University â€“ Data Scientist Intern,,"San Diego, CA",,,2025-01-01
Data Science Internship-Summer 2025,Span,SF,,,2025-01-01
Intern â€“ Data Scientist,ServiceNow,"San Diego, CA",,,2025-01-01
Trading Operations Analyst Intern - Summer 2025,Optiver,"Chicago, IL",,,2025-01-01
Data Scientist Intern ðŸ›‚,Numerade,Remote in USA,,,2025-01-01
Data Science Internship 2025,TransUnion,"Chicago, IL</br>Alpharetta, GA",,,2025-01-01
2025 Data Science Internship,RELX,"Raleigh, NC",,,2025-01-01
Intern â€“ SQA Data Analyst - Summer 2025,,"Newark, CA",,,2025-01-01
2025 Summer Intern - Data Analyst - Bachelors; Remote or Hybrid from Reston - VA,ICF,"Reston, VA",,,2025-01-01
Standard Repair Time Analyst Intern - Summer 2025,,"Newton, IA",,,2025-01-01
Data Engineer Intern - Summer 2025,,Remote in USA,,,2025-01-01
Data Analytics Intern - Summer 2025,,Remote in USA,,,2025-01-01
Vantage Data Centers Intern,Vantage Data Centers,"<details><summary>**5 locations**</summary>Quincy, WA</br>Santa Clara, CA</br>Ashburn, VA</br>Phoenix, AZ</br>Denver, CO</details>",,,2025-01-01
Co-op â€“ Data Engineer,Tessera Therapeutics,"Cambridge, MA",,,2025-01-01
Data Science & Simulation Intern - Summer 2025,,"Long Beach, CA",,,2025-01-01
Intern â€“ Tooling Analyst - Summer 2025,,"Newark, CA",,,2025-01-01
Intern â€“ Powertrain Data Scientist - Summer 2025,,"Newark, CA",,,2025-01-01
Intern â€“ Battery Cell Engineer - Data Science - Summer 2025,,"Newark, CA",,,2025-01-01
2025 Quantitative Analyst Internship,Chatham Financial,"West Chester, PA",,,2025-01-01
Marketing Data Analytics Intern - Summer 2025,Carters Careers,"Atlanta, GA",,,2025-01-01
Summer 2025 Intern - Data Science - Illinois ðŸ›‚,Stryker,"Cary, IL",,,2025-01-01
2025 Summer Intern - Data Engineering - California,,"San Jose, CA",,,2025-01-01
Intern â€“ Applications & Data Analyst,National Information Solutions Cooperative NISC,Remote in USA,,,2025-01-01
Intern â€“ Database Conversion Programming,,"Bismarck, ND</br>Lake St Louis, MO",,,2025-01-01
Data Science Internship,,"Raleigh, NC",,,2025-01-01
Data Engineer Internship,,"Raleigh, NC",,,2025-01-01
Summer 2025 Intern - Data Science - Texas ðŸ›‚,,"Flower Mound, TX",,,2025-01-01
2025 Spring and Summer Intern - Sales Business Intelligence Analyst ðŸ›‚,Workiva,Remote in USA,,,2025-01-01
Data Scientist Intern,Numerade,Remote in USA,,,2025-01-01
2025 Summer Intern - Data Engineering ðŸ›‚,Workiva,"Denver, CO",,,2025-01-01
Public Investments â€“ Quantitative Analyst Internship - Undergraduate-level,Northwestern Mutual,"Milwaukee, WI",,,2025-01-01
Physics and Data Science Intern,Leidos,"San Diego, CA",,,2025-01-01
Campus â€“ Intern - Data Science - Analytics and Modeling Program - Flexible Hybrid,Fannie Mae,"Plano, TX",,,2025-01-01
Campus â€“ Intern - Data Science - Analytics and Modeling Program - Flexible Hybrid,,"Reston, VA",,,2025-01-01
Campus â€“ Intern - Data Science - Analytics and Modeling Program - Flexible Hybrid,,"Washington, DC",,,2025-01-01
2025 Summer Intern - Data Science,,Remote in USA,,,2025-01-01
Deep Learning Data Engineering Intern,Flawless,"Santa Monica, CA",,,2025-01-01
Data Scientist â€“ Intern - 2025,,SF</br>NYC,,,2025-01-01
2025 Summer Internship - Data Engineer - Proprietary Research,Point72,NYC,,,2025-01-01
2025 Summer Internship - Data Scientist - Proprietary Research,,NYC,,,2025-01-01
Implementation Analyst â€“ Intern - Remote,Altera Digital Health,Remote in USA,,,2025-01-01
Data Analyst Apprentice,General Assembly,"Austin, TX",,,2025-01-01
2025 Portfolio Implementation â€“ Trading and Portfolio Finance Summer Analyst,AQR Capital Management,"Greenwich, CT",,,2025-01-01
Marketing Data Analyst Intern,Anteriad,"Greenwich, CT",,,2025-01-01
Boeing Summer 2025 Internship Program - Paid - Information Technology - IT - And Data Analytics - Da - And Digital Aviation Solutions - Das,The Boeing Company,"<details><summary>**28 locations**</summary>Seattle, WA</br>Chester, PA</br>Long Beach, CA</br>Mesa, AZ</br>Colorado Springs, CO</br>Dallas, TX</br>Fairfax, VA</br>Plano, TX</br>Chicago, IL</br>Seal Beach, CA</br>Tukwila, WA</br>St Charles, MO</br>San Antonio, TX</br>Arlington, VA</br>Everett, WA</br>Auburn, WA</br>Reston, VA</br>Oklahoma City, OK</br>Kent, WA</br>Charleston, SC</br>Bellevue, WA</br>Atlanta, GA</br>Huntsville, AL</br>North Charleston, SC</br>Huntington Beach, CA</br>Hazelwood, MO</br>Mukilteo, WA</br>El Segundo, CA</details>",,,2025-01-01
Data Engineer Intern,ghSMART,Remote in USA,,,2025-01-01
Data Engineer Intern - Advanced Analytics,Oshkosh,"Oshkosh, WI",,,2025-01-01
Apprentice Data Science Engineer,DraftKings,"London, UK",,,2025-01-01
Data Analyst Intern - Summer 2025 ðŸ›‚,Capital One,"McLean, VA</br>Richmond, VA",,,2025-01-01
Analyst Intern,Puffco,LA,,,2025-01-01
Gordian Apprenticeship - Data Science,Gordian Biotechnology,"San Bruno, CA",,,2025-01-01
Software Engineer Intern - Data Engineering,,"Chicago, IL",,,2025-01-01
Data Analytics Intern,Quanterix,"Billerica, MA",,,2025-01-01
Data Scientist Intern,Numerade,Remote in USA,,,2025-01-01
